Unnamed: 0,Acceleration (m/sÂ²)
0.0,0.0904910508891413
0.0100062539086929,0.026077836412544228
0.0200125078173858,0.0156087037207684
0.0300187617260788,0.037942368994131476
0.0400250156347717,0.02992583975876259
0.0500312695434646,0.05817906059143442
0.0600375234521576,-0.001647502909136541
0.0700437773608505,-0.0037270429774737923
0.0800500312695434,-0.018404947781481343
0.0900562851782364,-0.032286444459693246
0.1000625390869293,-0.06696049410362227
0.1100687929956222,0.010768849481026096
0.1200750469043152,0.03475396074146054
0.1300813008130081,0.046172820753655044
0.140087554721701,-0.04978245474330152
0.150093808630394,0.0060933722686848995
0.1601000625390869,0.1419412282942009
0.1701063164477798,-0.011396206175708922
0.1801125703564728,0.0006583589258647556
0.1901188242651657,0.04979440765130523
0.2001250781738586,-0.05859356015843571
0.2101313320825515,0.014687547770811467
0.2201375859912445,0.06801152080513571
0.2301438398999374,-0.007738723480183985
0.2401500938086304,-0.004868215164744183
0.2501563477173233,0.0028360499585896874
0.2601626016260162,-0.03238908285133209
0.2701688555347092,-0.05720153575250191
0.2801751094434021,-0.02100594935280435
0.290181363352095,0.06615698340072089
0.300187617260788,-0.04476561627769448
0.3101938711694809,-0.007319696561697222
0.3202001250781738,0.03914577986422575
0.3302063789868668,0.024222938402173412
0.3402126328955597,-0.013704786576153122
0.3502188868042526,0.06710038776988204
0.3602251407129456,0.06672998382822426
0.3702313946216385,0.006782381489615258
0.3802376485303315,-0.033628727275190395
0.3902439024390244,0.02094642208120933
0.4002501563477173,0.03670820367097224
0.4102564102564102,0.0309659281163694
0.4202626641651031,0.0498011159723424
0.4302689180737961,0.05628805259897791
0.440275171982489,-0.029456109494205487
0.450281425891182,-0.04933242596183379
0.4602876797998749,-0.04019798623533743
0.4702939337085678,0.04035185619621219
0.4803001876172608,-0.015819807431415582
0.4903064415259537,0.024835877876076037
0.5003126954346466,-0.06334589345366298
0.5103189493433395,-0.008073136818943923
0.5203252032520325,-0.06522772444161276
0.5303314571607255,-0.04578777667321287
0.5403377110694184,0.0009303853769894872
0.5503439649781113,0.009735793368501316
0.5603502188868043,0.06938702340337631
0.5703564727954972,-0.023363788390217466
0.5803627267041901,0.057074770303182955
0.590368980612883,0.08706749338105646
0.600375234521576,-0.007990570233653946
0.610381488430269,0.019471383533580775
0.6203877423389619,0.04614680708416314
0.6303939962476548,0.10495165325363738
0.6404002501563477,-0.00013215495895306504
0.6504065040650406,-0.06222744011322374
0.6604127579737336,0.030109351778605242
0.6704190118824265,0.007851512048825173
0.6804252657911194,0.12738720354412392
0.6904315196998124,0.03524082613111755
0.7004377736085053,-0.07643350434911221
0.7104440275171983,-0.01740473860079311
0.7204502814258912,0.0031401281650751595
0.7304565353345841,0.009898793090047243
0.740462789243277,0.07167703249321447
0.7504690431519699,0.005357706859406983
0.760475297060663,0.05937165077371685
0.7704815509693559,0.01219981322141929
0.7804878048780488,-0.0592566602581531
0.7904940587867417,0.046401589066095934
0.8005003126954346,0.025144210433065448
0.8105065666041276,0.0417813557047897
0.8205128205128205,-0.02695643379155448
0.8305190744215134,0.108249872282833
0.8405253283302063,0.028744093128375656
0.8505315822388994,0.03940921994815806
0.8605378361475923,0.07618028279841418
0.8705440900562852,-0.0550941228844738
0.8805503439649781,-0.0966016895840008
0.890556597873671,-0.026784538088510144
0.900562851782364,0.005806263006234972
0.9105691056910568,-0.091800490569834
0.92057535959975,-0.04851021089095678
0.9305816135084428,0.012508207688719769
0.9405878674171356,-0.042957970592270904
0.9505941213258288,0.026801508819775836
0.9606003752345216,0.05662376228202603
0.9706066291432144,-0.11277637760136677
0.9806128830519074,-0.023975776208167508
0.9906191369606004,-0.04419829556042279
1.0006253908692933,-0.024966627992379014
1.0106316447779862,0.018501143407397214
1.020637898686679,0.042082794059516114
1.030644152595372,0.0552347859350304
1.040650406504065,0.051455619907337484
1.050656660412758,-0.014032170577382652
1.060662914321451,-0.11302921713072456
1.070669168230144,-0.06259162261911774
1.0806754221388368,0.026508563466015832
1.0906816760475295,-0.04204450647123538
1.1006879299562229,0.037537956123707174
1.1106941838649156,-0.02795037897836281
1.1207004377736085,-0.011986068056435551
1.1307066916823014,-0.015577308299308328
1.1407129455909943,-0.01208868237427017
1.1507191994996873,-0.06968662579100661
1.1607254534083802,-0.07057192339353796
1.170731707317073,-0.010756806150462872
1.180737961225766,-0.013883585915946673
1.190744215134459,-0.042603152849107984
1.200750469043152,0.030389896378639758
1.210756722951845,0.022058561036862514
1.220762976860538,-0.0012329036738041228
1.2307692307692308,0.009185692690432817
1.2407754846779238,-0.04957906047720788
1.250781738586617,-0.017515179571796925
1.2607879924953096,0.08936854330108174
1.2707942464040023,0.037822400112482765
1.2808005003126954,-0.05140995879746463
1.2908067542213884,-0.020728130255376113
1.3008130081300813,0.046168312801559426
1.3108192620387742,0.01589427625754971
1.320825515947467,-0.013531625467430594
1.33083176985616,-0.0022917862164285414
1.340838023764853,0.029503280062835084
1.350844277673546,-0.02266442791301539
1.3608505315822388,0.04713052777304219
1.370856785490932,0.011645826359385549
1.3808630393996248,-0.02642457433076782
1.3908692933083178,0.03824028629479101
1.400875547217011,-0.07108412447269234
1.4108818011257036,0.044414069314061604
1.4208880550343963,0.05127391390627424
1.4308943089430894,0.06193829617170106
1.4409005628517824,-0.034852980069565796
1.4509068167604753,0.0019522850602893434
1.4609130706691682,-0.029460727746343087
1.4709193245778611,-0.11261663122612205
1.480925578486554,0.0008866889001419268
1.490931832395247,0.004579120640333391
1.50093808630394,0.007907033788414208
1.5109443402126328,-0.029185510087729214
1.520950594121326,0.10546886379087701
1.5309568480300189,0.011822593187269503
1.5409631019387118,-0.026966776705682705
1.5509693558474047,0.029464915375880463
1.5609756097560976,-0.013623029993065154
1.5709818636647903,0.0015323307946000686
1.5809881175734837,0.025540789005785554
1.5909943714821764,-0.022909832029494356
1.6010006253908693,0.037595219206351664
1.6110068792995622,-0.027724346184787384
1.6210131332082551,0.014618051474215367
1.631019387116948,-0.011508366719971758
1.641025641025641,-0.013311663344984247
1.651031894934334,-0.0658101121745446
1.6610381488430268,0.07750111444120984
1.6710444027517195,-0.009102411462388991
1.6810506566604126,-0.08558900924596524
1.6910569105691058,-0.09360717178692073
1.7010631644777987,-0.07971775356652405
1.7110694183864916,0.0045883629852276194
1.7210756722951843,0.08631583340781959
1.7310819262038777,0.023945312628753285
1.7410881801125704,0.0843858047534843
1.7510944340212633,0.021752567800412716
1.7611006879299562,-0.00025833524544254465
1.7711069418386491,0.020932254720440163
1.781113195747342,0.04990122461164928
1.791119449656035,0.042504791751759974
1.801125703564728,-0.02712431501159765
1.8111319574734208,0.0003781734489375643
1.8211382113821135,-0.007039482683574177
1.8311444652908069,0.004986996796254958
1.8411507191995,0.008794238611292672
1.8511569731081927,-0.04411531118333581
1.8611632270168856,0.0011109340825181085
1.8711694809255783,-0.020776885957782872
1.8811757348342717,0.08230420945547849
1.8911819887429644,-0.10390836995952821
1.901188242651657,-0.0346188730908914
1.9111944965603505,-0.0582660585371026
1.9212007504690432,0.006819978495515011
1.931207004377736,0.08487978517006094
1.941213258286429,-0.0036711645263284953
1.951219512195122,-0.10685185146719196
1.9612257661038148,-0.0001846677523809299
1.971232020012508,-0.04368536215993237
1.9812382739212009,-0.04800989837472223
1.9912445278298936,0.05987842265254401
2.0012507817385865,-0.017710635943929944
2.0112570356472794,-0.0007689919093654759
2.0212632895559723,-0.026317371339421285
2.0312695434646653,0.05249863257755967
2.041275797373358,0.08024815308558074
2.051282051282051,0.1255850062148176
2.061288305190744,0.0346864918014244
2.071294559099437,0.05678970908799446
2.08130081300813,0.062083771672793234
2.091307066916823,0.010815802025044646
2.101313320825516,0.019147040805358926
2.111319574734209,0.09044310298435117
2.121325828642902,0.11313016047863576
2.131332082551595,-0.013911973988818027
2.141338336460288,0.01080437649739116
2.1513445903689807,0.11130866884628803
2.1613508442776737,0.14190579314270596
2.1713570981863666,0.10217187761142338
2.1813633520950595,0.18864317252782264
2.1913696060037524,0.07948281141001871
2.2013758599124453,0.158045273242236
2.2113821138211383,0.09988462550999365
2.221388367729831,0.27703237877406334
2.231394621638524,0.1534096577688103
2.241400875547217,0.20739573050393115
2.25140712945591,0.22353109989976302
2.261413383364603,0.1446538588699858
2.271419637273296,0.09913386568745922
2.2814258911819887,0.1855377927497511
2.2914321450906816,0.08222469603771337
2.3014383989993745,0.17055699355345758
2.3114446529080674,0.10101300625335216
2.3214509068167604,0.21166682607630444
2.3314571607254533,0.27320718760386276
2.341463414634146,0.235351379396905
2.351469668542839,0.24947207023741264
2.361475922451532,0.20902625593464885
2.371482176360225,0.30264584509954723
2.381488430268918,0.25935866824863946
2.391494684177611,0.2574037028899477
2.401500938086304,0.11571066007688043
2.411507191994997,0.25990035527500077
2.42151344590369,0.2229700561083357
2.431519699812383,0.25006203580093866
2.441525953721076,0.25810462029608355
2.4515322076297688,0.29538022271397074
2.4615384615384617,0.24083783722727903
2.4715447154471546,0.2907234611112469
2.4815509693558475,0.3277254362469795
2.4915572232645404,0.3287626640845556
2.5015634771732334,0.34066092653613944
2.5115697310819263,0.33651912098497905
2.521575984990619,0.3300618561324195
2.531582238899312,0.358260054820197
2.541588492808005,0.28128061469725324
2.551594746716698,0.27612667490419457
2.561601000625391,0.3659293349170272
2.571607254534084,0.42949665517208063
2.5816135084427767,0.35840514268128926
2.5916197623514696,0.33134364400502675
2.6016260162601625,0.39788788277756165
2.6116322701688555,0.36680204441655445
2.6216385240775484,0.38101389908032024
2.6316447779862413,0.3935946331452791
2.641651031894934,0.3756108169454322
2.651657285803627,0.40587238953480337
2.66166353971232,0.44152500994208294
2.671669793621013,0.3706113796810386
2.681676047529706,0.43463838211748007
2.691682301438399,0.42263429305744526
2.701688555347092,0.4424372776762354
2.7116948092557847,0.4739502888361007
2.7217010631644776,0.47486755684745685
2.731707317073171,0.46478185681813705
2.741713570981864,0.4880246934182144
2.7517198248905568,0.3860042589081221
2.7617260787992497,0.46102937257261767
2.7717323327079426,0.42145544745495356
2.7817385866166355,0.426371717893203
2.7917448405253285,0.4735996318722273
2.8017510944340214,0.5185274301006146
2.8117573483427143,0.544437791934023
2.821763602251407,0.5552709130025573
2.8317698561601,0.5101886196503509
2.841776110068793,0.6023806614376643
2.851782363977486,0.46390023639606476
2.861788617886179,0.528746393808067
2.871794871794872,0.5653074529990232
2.8818011257035647,0.5108240073228941
2.8918073796122576,0.6941873491848084
2.9018136335209506,0.5721736384004876
2.9118198874296435,0.5693857997399445
2.9218261413383364,0.5766828068009598
2.9318323952470293,0.6295710301042486
2.9418386491557222,0.637881155219939
2.951844903064415,0.6076496360843638
2.961851156973108,0.5802473617422463
2.971857410881801,0.5761609872528839
2.981863664790494,0.6765342768258719
2.991869918699187,0.6496898579763534
3.00187617260788,0.6035022054341681
3.0118824265165727,0.6687138296103102
3.0218886804252656,0.6046337005075897
3.0318949343339585,0.655889488692977
3.041901188242652,0.7009795299523507
3.051907442151345,0.5864530750693481
3.0619136960600377,0.6066031910625559
3.07191994996873,0.6184746231607996
3.081926203877424,0.619353096607767
3.0919324577861165,0.6170315364858067
3.1019387116948094,0.6209077790215679
3.1119449656035023,0.5767788321734808
3.1219512195121952,0.6419397372108812
3.131957473420888,0.618282476351134
3.141963727329581,0.6686963627617195
3.151969981238274,0.6340749731691361
3.161976235146967,0.7082951402682623
3.17198248905566,0.5693596793884547
3.1819887429643527,0.5873185954577159
3.1919949968730457,0.5875072869470201
3.2020012507817386,0.6646801781498612
3.2120075046904315,0.6365139763263914
3.2220137585991244,0.6184810688696336
3.2320200125078173,0.662159544408899
3.2420262664165103,0.6135768153058208
3.252032520325203,0.5945427551784588
3.262038774233896,0.5634227052062012
3.272045028142589,0.6020489751760933
3.282051282051282,0.6397622508219099
3.292057535959975,0.6565072376872341
3.302063789868668,0.5852077482210167
3.3120700437773607,0.5847182521892096
3.3220762976860536,0.6573215986023261
3.3320825515947465,0.6318461513766185
3.3420888055034395,0.6004504200598025
3.3520950594121324,0.6223508949579775
3.3621013133208253,0.6060945464159037
3.3721075672295187,0.6577528476038115
3.382113821138212,0.6297852728281611
3.3921200750469045,0.7142501880765223
3.4021263289555974,0.6285832177281223
3.4121325828642903,0.5814539254537543
3.4221388367729837,0.6697639930739823
3.432145090681676,0.6428282293790831
3.442151344590369,0.6694102299718228
3.452157598499062,0.5980074280928324
3.462163852407755,0.6325411620176422
3.472170106316448,0.6500575776526716
3.4821763602251408,0.611824599578846
3.4921826141338337,0.600933761007862
3.5021888680425266,0.6420161330607117
3.5121951219512195,0.5976045366666793
3.5222013758599124,0.6943053761758404
3.5322076297686054,0.6200030862412237
3.5422138836772983,0.6808601012073773
3.552220137585991,0.6262516536955861
3.562226391494684,0.6434533436795222
3.572232645403377,0.623702664638209
3.58223889931207,0.6499830833706274
3.592245153220763,0.6504934359933408
3.602251407129456,0.6341423070011957
3.6122576610381487,0.6599203101887109
3.6222639149468416,0.6209151823613887
3.632270168855535,0.6775108468529644
3.642276422764228,0.6731147713021605
3.65228267667292,0.6037008281099234
3.662288930581613,0.5338757377327281
3.672295184490306,0.6654544260874287
3.682301438399,0.5646080817043233
3.692307692307693,0.6117593234792423
3.7023139462163854,0.6430440941564153
3.7123202001250784,0.6597766649715541
3.7223264540337713,0.6214262641112259
3.732332707942464,0.6470658846095166
3.742338961851157,0.6306489708373418
3.75234521575985,0.6529405147124696
3.762351469668543,0.6457034800270388
3.772357723577236,0.6379164134646843
3.782363977485929,0.604983865235512
3.7923702313946217,0.7037142604730805
3.802376485303314,0.6111940843632914
3.812382739212008,0.531717333561529
3.822388993120701,0.5950374768912405
3.8323952470293934,0.6134560596926026
3.8424015009380863,0.6324599828029013
3.852407754846779,0.6058608244624917
3.862414008755472,0.6470079352888294
3.872420262664165,0.6533885279960383
3.882426516572858,0.5296599939487593
3.892432770481551,0.6084174441157201
3.902439024390244,0.6335810372248122
3.9124452782989367,0.6633480385731921
3.9224515322076297,0.5250947522835565
3.9324577861163226,0.5648771985936014
3.942464040025016,0.6566486021790225
3.952470293933709,0.6216375779139338
3.962476547842401,0.5929210581333647
3.9724828017510943,0.6545006376947471
3.982489055659787,0.5577234088359547
3.99249530956848,0.681727123289171
4.002501563477173,0.5750437679242782
4.012507817385866,0.6442302759077994
4.022514071294559,0.6319114110363887
4.032520325203252,0.6552063989213187
4.042526579111945,0.610947836070136
4.052532833020638,0.6366241996055783
4.0625390869293305,0.675454858190516
4.072545340838023,0.6097804866322528
4.082551594746716,0.6174959442211819
4.092557848655409,0.6506958727378662
4.102564102564102,0.7069729026391139
4.112570356472795,0.6748291905037387
4.122576610381488,0.5040469598102654
4.132582864290181,0.6726016881897822
4.142589118198874,0.6791559916079706
4.152595372107567,0.5930361110507945
4.16260162601626,0.6521081039591985
4.1726078799249535,0.5627526608038029
4.182614133833646,0.5868766037896117
4.192620387742339,0.5609515090733795
4.202626641651032,0.7543918435151145
4.212632895559725,0.6172013828028797
4.222639149468418,0.6555853649761237
4.232645403377111,0.6601478279615578
4.242651657285804,0.6299750981369248
4.252657911194497,0.612832364817294
4.26266416510319,0.6576834536976579
4.272670419011883,0.6459316878200255
4.282676672920576,0.5861556511645452
4.2926829268292686,0.6149016997384124
4.3026891807379615,0.6392405328589326
4.312695434646654,0.6735941958675049
4.322701688555347,0.6173617380537502
4.33270794246404,0.6281487327831845
4.342714196372733,0.651697405975519
4.352720450281426,0.6715319578284041
4.362726704190119,0.5980436826311716
4.372732958098812,0.5530023582416385
4.382739212007505,0.6246290236593844
4.392745465916198,0.707120156950924
4.402751719824891,0.689189814835676
4.412757973733584,0.5850421389897595
4.4227642276422765,0.6604270881523161
4.432770481550969,0.6495391661742127
4.442776735459662,0.6056910268932038
4.452782989368355,0.5897585045875703
4.462789243277048,0.704084973284749
4.472795497185741,0.6679370233085704
4.482801751094434,0.641361766090521
4.492808005003127,0.5882936841855851
4.50281425891182,0.6516195680437119
4.512820512820513,0.6687231582213004
4.522826766729206,0.6941982914119219
4.532833020637899,0.5786193878716889
4.542839274546592,0.6545617998454966
4.5528455284552845,0.6499387594660142
4.562851782363977,0.539090278258803
4.57285803627267,0.5886410428957165
4.582864290181363,0.575801105175774
4.592870544090056,0.6646907671934088
4.602876797998749,0.5661910095678282
4.612883051907442,0.5648223167857203
4.622889305816135,0.5954301227586257
4.632895559724828,0.5951050942386692
4.642901813633521,0.5825147342403961
4.652908067542214,0.6397392888204834
4.662914321450907,0.7603695737795013
4.6729205753596,0.6410726727195404
4.682926829268292,0.6114859203774059
4.692933083176985,0.6524317620384746
4.702939337085678,0.6712945964847169
4.712945590994371,0.6882425912148435
4.722951844903064,0.5555179295463956
4.732958098811757,0.6612503611058576
4.74296435272045,0.6367149407180391
4.752970606629143,0.6909861794239108
4.762976860537836,0.6773550264208165
4.772983114446529,0.6567361031522113
4.782989368355222,0.5591917832713644
4.7929956222639145,0.6795420862277811
4.803001876172608,0.6204109735403627
4.813008130081301,0.5910154179294748
4.823014383989994,0.6368536560461213
4.833020637898687,0.651535611171871
4.84302689180738,0.6336318054287509
4.853033145716073,0.624434813073555
4.863039399624766,0.6414903827046397
4.873045653533459,0.5963454171332261
4.883051907442152,0.6373819384557844
4.893058161350845,0.5673264636616058
4.9030644152595375,0.6019464381382872
4.91307066916823,0.5942218174318482
4.923076923076923,0.6507690324133821
4.933083176985616,0.5885065414097075
4.943089430894309,0.6158312889739226
4.953095684803002,0.6280906932739625
4.963101938711695,0.6299142118055273
4.973108192620388,0.5963755276534808
4.983114446529081,0.6698526145997492
4.993120700437774,0.6264957009388863
5.003126954346467,0.5924373590179451
5.01313320825516,0.6980329831075244
5.0231394621638525,0.5876826885356308
5.0331457160725455,0.6522711093136502
5.043151969981238,0.6761698550652843
5.053158223889931,0.6159256840332538
5.063164477798624,0.5935718565516905
5.073170731707317,0.5428749503128898
5.08317698561601,0.5309969972233373
5.093183239524703,0.6146585069530792
5.103189493433396,0.5581392959474535
5.113195747342089,0.5666318694317042
5.123202001250782,0.5550808134576503
5.133208255159475,0.5443186186755217
5.143214509068168,0.5373151342125765
5.1532207629768605,0.4981954016275993
5.163227016885553,0.5016662167635791
5.173233270794246,0.4667738766426723
5.183239524702939,0.5397339545773479
5.193245778611632,0.42474048082927096
5.203252032520325,0.48016071574412383
5.213258286429018,0.5795828450538648
5.223264540337711,0.5991319919398845
5.233270794246404,0.5526442633322011
5.243277048155097,0.5050003170208378
5.25328330206379,0.39516843462161383
5.263289555972483,0.4886961574334876
5.273295809881176,0.4856588787281379
5.283302063789868,0.38695279020771967
5.293308317698561,0.41657637582600776
5.303314571607254,0.4123936949459007
5.313320825515947,0.45048814210300075
5.32332707942464,0.3996488343905133
5.333333333333333,0.4125795827839379
5.343339587242026,0.31947634543606546
5.353345841150719,0.36289619596976747
5.363352095059412,0.37641398653178504
5.373358348968105,0.40263737098459446
5.383364602876798,0.35289258816571795
5.3933708567854906,0.2923619849260383
5.403377110694184,0.3871652511655001
5.413383364602876,0.4720758489927518
5.423389618511569,0.39708985007616254
5.433395872420262,0.3427611850276718
5.443402126328955,0.39011375216061894
5.453408380237649,0.41781871097504536
5.463414634146342,0.3382508777030294
5.473420888055035,0.26611656267671163
5.483427141963728,0.3265540605468041
5.493433395872421,0.24606409063563534
5.5034396497811136,0.36708841459732633
5.513445903689807,0.38738158787718635
5.523452157598499,0.35161592569275585
5.533458411507192,0.31969224661673257
5.543464665415885,0.27549960454086936
5.553470919324578,0.25248565299356784
5.563477173233271,0.20317908747877303
5.573483427141964,0.240808633877485
5.583489681050657,0.302654875663467
5.59349593495935,0.15564262205532242
5.603502188868043,0.23017576975707976
5.613508442776736,0.220768745953599
5.623514696685429,0.22776715635954772
5.6335209505941215,0.10863897318195623
5.643527204502814,0.23774273411488978
5.653533458411507,0.2217518862784603
5.6635397123202,0.17787427056730987
5.673545966228893,0.16257793177793997
5.683552220137586,0.12905290554383847
5.693558474046279,0.24561109170073675
5.703564727954972,0.12262732850593569
5.713570981863665,0.2412603500161742
5.723577235772358,0.1795927913770352
5.733583489681051,0.15935246098178896
5.743589743589744,0.20748318302088115
5.7535959974984365,0.08197032169569471
5.7636022514071295,0.16421919654488923
5.773608505315822,0.1758428265537133
5.783614759224515,0.14727272494465052
5.793621013133208,0.11754505389829606
5.803627267041901,0.1386263598362895
5.813633520950594,0.06809896312221247
5.823639774859287,0.08592342175898535
5.83364602876798,0.054477754381667694
5.843652282676673,0.09577807102199692
5.853658536585366,0.07033188942300841
5.863664790494059,0.08171784162198065
5.873671044402752,0.11959722620474882
5.8836772983114445,0.17716145375865955
5.893683552220137,0.13377554927963428
5.90368980612883,-0.055653298956199464
5.913696060037523,0.020073685765957965
5.923702313946216,0.0930314481270064
5.933708567854909,0.04165749692974588
5.943714821763602,-0.001890058550253391
5.953721075672295,-0.031190200305507572
5.963727329580988,0.011232396898309236
5.973733583489681,0.052441736359420184
5.983739837398374,-0.02877206423326373
5.993746091307067,-0.01653746241320659
6.00375234521576,0.0058173686152551765
6.013758599124452,0.00516248193160125
6.023764853033145,0.052670228606219054
6.033771106941838,-0.028368618413926835
6.043777360850531,0.015855830287516266
6.053783614759224,0.03017267152902635
6.063789868667917,0.046777601727962616
6.07379612257661,0.015637228589698602
6.083802376485304,0.05192788541646092
6.093808630393997,0.009287103270280029
6.10381488430269,-0.007944642012691216
6.113821138211383,-0.05288435452151012
6.123827392120075,0.017858922854923614
6.133833646028768,-0.021682410981060104
6.143839899937461,0.02947121251048433
6.153846153846154,-0.020492594099031564
6.163852407754847,-0.07496529054466486
6.17385866166354,0.07559247112325754
6.183864915572233,0.009633864218112447
6.193871169480926,-0.015033343466114953
6.203877423389619,0.032948203362674684
6.213883677298312,-0.028719010276779755
6.223889931207005,0.0373048330653072
6.2338961851156975,0.02113955434648881
6.243902439024391,-0.06412229573488264
6.253908692933083,-0.037656670405539994
6.263914946841776,-0.09059135242826756
6.273921200750469,-0.018423506328110358
6.283927454659162,-0.042104877904761404
6.293933708567855,0.03462942694417335
6.303939962476548,-0.028228654876362218
6.313946216385241,0.03046317374113221
6.323952470293934,-0.013868410761697198
6.333958724202627,-0.07457397309962788
6.34396497811132,-0.031476427139165715
6.353971232020013,-0.025943364540839176
6.3639774859287055,0.05509104911147044
6.373983739837398,0.07297349548173473
6.383989993746091,0.1008255182954664
6.393996247654784,0.019934857578863648
6.404002501563477,-0.032002198077132935
6.41400875547217,0.03690361556962728
6.424015009380863,-0.0026474739341391723
6.434021263289556,0.009556094309435584
6.444027517198249,-0.029804357838578377
6.454033771106942,0.007885391130153081
6.464040025015635,-0.04894064770236181
6.474046278924328,0.021994454846852574
6.4840525328330205,-0.06060326823663064
6.494058786741713,-0.020247612089237536
6.504065040650406,0.02615946185594867
6.514071294559099,0.11944987545535837
6.524077548467792,-0.05426855648190854
6.534083802376485,-0.02259811530884904
6.544090056285178,-0.03676628561335285
6.554096310193871,0.0355071410471763
6.564102564102564,-0.022954250194655756
6.574108818011257,-0.08183860172709603
6.58411507191995,0.014849911631902276
6.594121325828643,-0.00427782670632592
6.604127579737336,0.02032529969136961
6.6141338336460285,0.0807233744631029
6.624140087554721,-0.0002470943206518619
6.634146341463414,0.05846429975002257
6.644152595372107,0.033561310931502594
6.6541588492808,0.037553816777284914
6.664165103189493,-0.037712255486155276
6.674171357098186,0.023190598328369543
6.684177611006879,-0.056118699907337484
6.694183864915572,0.036730909944202236
6.704190118824265,0.006408464514864444
6.714196372732958,0.026566372940558178
6.724202626641651,-0.04672565150439305
6.734208880550344,-0.005420472596971737
6.744215134459037,-0.03694938937263798
6.75422138836773,-0.038439900556239665
6.764227642276423,0.004421408822606674
6.774233896185116,-0.04838142291767358
6.784240150093809,-0.04087217855142773
6.794246404002502,-0.04618538691060135
6.804252657911195,-0.030301574455813315
6.814258911819888,-0.0063762416884730454
6.824265165728581,0.013259516702973784
6.834271419637274,0.010623932584764647
6.844277673545967,-0.01489697489678387
6.854283927454659,-0.016766579523912643
6.864290181363352,0.008309516011552161
6.874296435272045,-0.054481164740280336
6.884302689180738,-0.09937992093527168
6.894308943089431,0.11069134044200739
6.904315196998124,-0.009051723648230217
6.914321450906817,-0.024884763013506075
6.92432770481551,-0.03817223412696671
6.934333958724203,0.009568228887231085
6.944340212632896,-0.03302613166797332
6.954346466541589,-0.034426331897056225
6.9643527204502815,0.01024058472073501
6.974358974358975,-0.05329762585643213
6.984365228267667,-0.05619406820636423
6.99437148217636,-0.0613350505021056
7.004377736085053,-0.05635372046979005
7.014383989993746,0.0703377581328427
7.024390243902439,0.025547094977863602
7.034396497811132,0.048224399659637464
7.044402751719825,0.014824634697786457
7.054409005628518,0.046465170449060074
7.064415259537211,0.04551748072346759
7.074421513445904,-0.05391906628046417
7.084427767354597,0.07566661738867339
7.0944340212632895,0.13817180725701297
7.104440275171982,-0.08247969863931555
7.114446529080675,0.012070880486931466
7.124452782989368,0.04987093151875689
7.134459036898061,0.011947443910967298
7.144465290806754,-0.03162940178539448
7.154471544715447,0.04629983965271604
7.16447779862414,0.00329078447355139
7.174484052532833,-0.07484583693106468
7.184490306441526,0.09729902493441478
7.194496560350219,-0.02340134387142758
7.204502814258912,-0.04104216137178615
7.214509068167604,-0.001927920197512503
7.224515322076297,-0.014121024351526342
7.23452157598499,0.048995264788794575
7.244527829893683,0.006801721841101176
7.254534083802376,-0.03189519397337969
7.264540337711069,0.061996362136895286
7.274546591619762,-0.00862942132130015
7.284552845528455,0.09866849229069338
7.294559099437148,-0.03342481122506447
7.304565353345841,0.09060247978577844
7.314571607254534,0.07662367205663696
7.324577861163227,0.022086119263227476
7.334584115071919,-0.022154989477407995
7.344590368980612,0.043579698690501295
7.354596622889305,-0.05133895915521682
7.364602876797999,0.015323746862108748
7.374609130706692,0.03838918417128095
7.384615384615385,0.07447593738121978
7.394621638524078,0.02378164040861515
7.404627892432771,-0.05439041165302557
7.414634146341464,0.07707639276117101
7.424640400250157,0.06050016248882853
7.43464665415885,0.08163148699853039
7.4446529080675425,-0.036516419100373065
7.4546591619762355,0.08844186988107083
7.464665415884928,-0.0016138576216690231
7.474671669793621,0.026626207375762018
7.484677923702314,0.057228661001694436
7.494684177611007,-0.07147147142757594
7.5046904315197,-0.02885783763206196
7.514696685428393,-0.09101594803635076
7.524702939337086,-0.04517045803546683
7.534709193245779,0.009029237803130282
7.544715447154472,-0.011702574319902863
7.554721701063165,-0.05816768438988422
7.564727954971858,-0.039216813709685376
7.5747342088805505,-0.07681373774411938
7.584740462789243,-0.04824402677066516
7.594746716697936,0.027391007751477146
7.604752970606629,-0.03675065339431491
7.614759224515322,-0.09612535693398325
7.624765478424015,0.07155370683069961
7.634771732332708,-0.07669323501754766
7.644777986241401,-0.02997969433922521
7.654784240150094,0.08401309967821463
7.664790494058787,0.01516266479325585
7.67479674796748,-0.0942065651786786
7.684803001876173,0.03072114599728882
7.6948092557848655,-0.011666069960043568
7.704815509693558,0.03958467692379456
7.714821763602251,0.006029191329499394
7.724828017510944,0.01124398238388569
7.734834271419637,0.013995462362156257
7.74484052532833,-0.015383001531783692
7.754846779237023,0.007102622522054189
7.764853033145716,-0.06251669784066628
7.774859287054409,-0.020249872475717866
7.784865540963102,-0.02065327900792343
7.794871794871795,0.014417196724353626
7.804878048780488,-0.057144261026137934
7.8148843026891806,-0.019368687434295418
7.8248905565978735,-0.0656354405647993
7.834896810506566,-0.0348168380889318
7.844903064415259,0.05533874430998216
7.854909318323952,-0.0841914915090002
7.864915572232645,0.1301748773829016
7.874921826141338,0.015450905458431571
7.884928080050031,-0.03490367128032237
7.894934333958724,0.02518338509539139
7.904940587867417,-0.022668579103334946
7.91494684177611,0.0053389770730238656
7.924953095684803,0.053723444979705395
7.934959349593496,0.05023536968654345
7.9449656035021885,0.04691754523252445
7.954971857410881,-0.028696030650242253
7.964978111319574,-0.029298280124448243
7.974984365228267,-0.0008330766403030458
7.98499061913696,0.09031707055081341
7.994996873045653,0.026700527507230416
8.005003126954346,-0.05108811977970981
8.01500938086304,-0.012983132758527265
8.025015634771732,-0.00689838782441142
8.035021888680426,-0.018231085687032914
8.045028142589118,-0.0035014801945198004
8.055034396497811,-0.0055169473931768135
8.065040650406504,-0.03749437192442087
8.075046904315197,-0.04668301938837728
8.08505315822389,-0.03263995412950069
8.095059412132583,-0.00588657831362457
8.105065666041275,0.04988245925468907
8.115071919949969,-0.01985021328374528
8.125078173858661,0.020403290427402195
8.135084427767355,0.01736611093075207
8.145090681676047,-0.014334400406180977
8.15509693558474,0.12972318206711755
8.165103189493433,-0.10749737315062383
8.175109443402127,0.05522158936647986
8.185115697310819,-0.013632464350725515
8.195121951219512,-0.09628303098985364
8.205128205128204,-0.09458082757285934
8.215134459036898,0.008339029031532
8.22514071294559,-0.023744767005381896
8.235146966854284,-0.028106463636510814
8.245153220762976,-0.0715780038925228
8.25515947467167,-0.010548943539007606
8.265165728580362,0.027921790138446666
8.275171982489056,0.04071603439506004
8.285178236397748,0.03087260604506165
8.295184490306442,-0.011716039698848043
8.305190744215134,-0.005305669273592449
8.315196998123827,-0.04719952457266309
8.32520325203252,-0.013835871953041166
8.335209505941213,-0.054321944360737735
8.345215759849907,0.050814247967659876
8.355222013758599,0.03348370812876496
8.365228267667293,0.056423550599383934
8.375234521575985,0.019482350521423865
8.385240775484679,-0.06098916648557306
8.39524702939337,-0.015112901215340549
8.405253283302065,0.11562590492776376
8.415259537210757,-0.02607315154789994
8.42526579111945,0.017526813319173086
8.435272045028142,-0.014226676975035898
8.445278298936836,-0.01015457989480194
8.455284552845528,-0.004427691749829356
8.465290806754222,0.03822177527048849
8.475297060662914,0.07430156901213203
8.485303314571608,0.028285185160091743
8.4953095684803,-0.07671915756135457
8.505315822388994,-0.019960235534884085
8.515322076297686,0.02232207543005046
8.52532833020638,-0.02678567684727233
8.535334584115072,0.10031750464597218
8.545340838023765,-0.015593442575731767
8.555347091932457,-0.054294832733657615
8.565353345841151,-0.03566575525394979
8.575359599749843,0.04028246706825198
8.585365853658537,0.04562267173659338
8.59537210756723,-0.042071844199446366
8.605378361475923,-0.06527173659407434
8.615384615384615,0.08552782188693736
8.625390869293309,0.011847740900862411
8.635397123202,-0.004613567549011922
8.645403377110695,0.041150515786596786
8.655409631019387,-0.054763068924332116
8.66541588492808,0.039129775088373335
8.675422138836772,-0.016116644564507752
8.685428392745466,-0.004813232980171294
8.695434646654158,0.05687562256250591
8.705440900562852,-0.009687147951578974
8.715447154471544,-0.03641964809700597
8.725453408380238,-0.03618871843282884
8.73545966228893,0.0964164447528173
8.745465916197624,-0.02692864774791811
8.755472170106316,-0.04419116011793664
8.76547842401501,0.00021800805446271223
8.775484677923702,0.012133053322302537
8.785490931832395,0.013375504864838619
8.795497185741088,0.017486017068468262
8.805503439649781,0.12568391872461065
8.815509693558473,-0.041689512362718346
8.825515947467167,0.0773304901634748
8.83552220137586,-0.05846494845365895
8.845528455284553,-0.0511413439732227
8.855534709193245,0.06661582533526075
8.865540963101939,0.03698599695419771
8.87554721701063,0.07998425808958705
8.885553470919325,0.02400989338773853
8.895559724828017,-0.020732709615437675
8.90556597873671,0.040908818745993565
8.915572232645403,-0.007965162530986749
8.925578486554096,-0.017560615159698163
8.935584740462788,-0.06560377562518674
8.945590994371482,-0.07745327241841539
8.955597248280174,0.05545382952620375
8.965603502188868,-0.05855357988975498
8.975609756097562,0.06375228864016896
8.985616010006254,0.08595488235567314
8.995622263914948,0.01643626785339781
9.00562851782364,0.045118188361879606
9.015634771732334,0.01726699808660066
9.025641025641026,-0.08360408551999612
9.03564727954972,0.0063523033710789125
9.045653533458411,-0.07125625012974081
9.055659787367103,0.03328124031850918
9.065666041275795,-0.004913337553027487
9.075672295184493,0.036203528310331266
9.085678549093185,-0.049208985887626365
9.095684803001877,0.00045058338493565004
9.105691056910567,0.05327705426127961
9.115697310819264,0.12092786643517955
9.125703564727957,-0.010800637604390706
9.135709818636649,0.04964126148906546
9.14571607254534,0.04510052013299621
9.155722326454034,-0.029762375638411616
9.165728580362726,-0.03411161087699589
9.17573483427142,-0.04371874784587754
9.185741088180112,0.06352781828585026
9.195747342088806,0.026464698182644696
9.205753595997498,0.048267735565136985
9.215759849906192,0.04798607216650425
9.225766103814884,0.021664236334742737
9.235772357723578,0.008707632707736309
9.24577861163227,0.09264946182585648
9.255784865540964,0.053388751696291356
9.265791119449656,-0.05767143444017811
9.27579737335835,0.007861258479139724
9.28580362726704,-0.004444006919078508
9.295809881175735,0.0027399921971932623
9.305816135084427,-0.07022539795057242
9.31582238899312,0.07510152199564162
9.325828642901811,0.010725901813882789
9.335834896810509,-0.03784244967971263
9.3458411507192,-0.025374580942416937
9.355847404627893,-0.06768530168081308
9.365853658536585,-0.031821359704510485
9.37585991244528,0.013915677610556143
9.38586616635397,-0.0459786836014622
9.395872420262664,-0.0711960287632372
9.405878674171356,0.027113712786563014
9.41588492808005,-0.0033877787297449968
9.425891181988742,-0.01928806505653956
9.435897435897436,-0.025919339914510384
9.445903689806128,-0.02612686335007454
9.455909943714822,-0.028823791863165315
9.465916197623514,0.11644473495659441
9.475922451532208,0.02983180298884002
9.4859287054409,-0.01761685236062316
9.495934959349594,0.02366528522244495
9.505941213258286,0.0386791409432196
9.51594746716698,-0.03739579006328088
9.525953721075672,0.0193669985426625
9.535959974984364,0.03956208223937735
9.545966228893056,0.13148860290095954
9.555972482801751,0.011727276997594559
9.565978736710443,-0.055615749996992106
9.575984990619135,0.006022654457825392
9.585991244527827,-0.035785690816677006
9.595997498436525,0.05605538658872108
9.606003752345217,-0.0014617708061816252
9.616010006253909,0.08639849071843875
9.626016260162602,-0.058942532530397045
9.636022514071296,0.06789076879158722
9.646028767979988,-0.021367913999817568
9.65603502188868,-0.03841546750956275
9.666041275797374,0.0032273031129983706
9.676047529706066,-0.0806308078906092
9.68605378361476,-0.049678441327368476
9.696060037523452,-0.026062484424929998
9.706066291432146,0.005121455133328649
9.716072545340838,-0.008796344529233772
9.726078799249532,-0.0434715481651553
9.736085053158224,0.0979476297191139
9.746091307066918,-0.042442116687206176
9.75609756097561,-0.07204978317064868
9.766103814884303,0.0035981437811123465
9.776110068792995,-0.006115953297093351
9.78611632270169,-0.016637738155190016
9.79612257661038,-0.00374643112287543
9.806128830519077,-0.01653353397140968
9.816135084427769,0.046778378662505296
9.82614133833646,-0.002852436906093912
9.836147592245151,0.0748973845653387
9.846153846153848,-0.04454518042079247
9.85616010006254,-0.0756386938665772
9.866166353971233,-0.032520251107199694
9.876172607879925,-0.01938326644358867
9.886178861788618,-0.0419128856731864
9.89618511569731,-0.02893129884937426
9.906191369606004,-0.07976713034045647
9.916197623514696,0.011033769996787792
9.92620387742339,-0.03212646231656095
9.936210131332082,-0.04049508937264591
9.946216385240776,0.00832162474770436
9.956222639149468,-0.042304683779944376
9.966228893058162,0.0576215849030796
9.976235146966854,-0.06484245288567927
9.986241400875548,0.06196791330776978
9.99624765478424,-0.02397543739088953
10.006253908692932,0.03398004977145954
10.016260162601624,-0.022887961158940186
10.02626641651032,-0.08268831731681069
10.036272670419011,-0.0434198646584319
10.046278924327703,-0.030342280565196646
10.056285178236395,-0.004722155327140672
10.066291432145093,0.03819338717935399
10.076297686053785,0.007644660559289631
10.086303939962477,-0.11866102600477585
10.096310193871169,-0.11942384226060827
10.106316447779864,-0.04276284629090969
10.116322701688556,-0.019151267518956728
10.126328955597248,-0.03966993022555689
10.13633520950594,-0.11352039285749332
10.146341463414634,-0.10514600033871768
10.156347717323326,-0.11837273175619567
10.16635397123202,-0.11553466020606969
10.176360225140712,-0.08952088183032933
10.186366479049406,-0.11039945174923055
10.196372732958098,0.01259920157672872
10.206378986866792,-0.13670434450867483
10.216385240775484,-0.09364500938274996
10.226391494684178,-0.11729590783134979
10.23639774859287,-0.11339219066098152
10.246404002501563,-0.06092270852992165
10.256410256410255,-0.17402271835069524
10.26641651031895,-0.13318891791933613
10.276422764227643,-0.11046250820402516
10.286429018136335,-0.18976832538895963
10.296435272045027,-0.2224070874193892
10.30644152595372,-0.1384166047545954
10.316447779862417,-0.1282648400787386
10.326454033771109,-0.19992282780269335
10.3364602876798,-0.2066732859072376
10.346466541588493,-0.266937491890932
10.356472795497186,-0.21811188790436076
10.366479049405878,-0.18252456866014305
10.376485303314572,-0.2419244573996777
10.386491557223264,-0.19234418265758071
10.396497811131958,-0.24075656863838663
10.40650406504065,-0.21383166999459052
10.416510318949344,-0.2590966002606266
10.426516572858036,-0.22344005646189333
10.43652282676673,-0.27208912283337733
10.446529080675422,-0.29269524923471973
10.456535334584116,-0.3680149692381055
10.466541588492808,-0.32762824919831457
10.4765478424015,-0.246273127349331
10.486554096310194,-0.35963268587110736
10.496560350218887,-0.33630586981547284
10.50656660412758,-0.3580175505582405
10.516572858036271,-0.3345501798690634
10.526579111944963,-0.332106182583697
10.53658536585366,-0.33326907558476165
10.546591619762353,-0.27797854522162097
10.556597873671045,-0.4048125340084595
10.566604127579737,-0.32170429775545717
10.57661038148843,-0.392073833254774
10.586616635397124,-0.3973445925320189
10.596622889305817,-0.3433678817018946
10.606629143214509,-0.4765295142081708
10.616635397123202,-0.45437668491427247
10.626641651031894,-0.4061589273417129
10.636647904940588,-0.3934143178026194
10.64665415884928,-0.3863051430057724
10.656660412757974,-0.3360928866223566
10.666666666666666,-0.5272831735269988
10.67667292057536,-0.42704076404610936
10.686679174484052,-0.4612393587191944
10.696685428392746,-0.4148834653201725
10.706691682301438,-0.4044612935349105
10.716697936210132,-0.401512437959325
10.726704190118824,-0.4719893130564518
10.736710444027516,-0.45732849286314714
10.74671669793621,-0.4808550749942171
10.756722951844903,-0.43051404349511896
10.766729205753595,-0.4430044095187846
10.776735459662287,-0.5037556473128618
10.78674171357098,-0.49251243999208033
10.796747967479677,-0.5393092281961336
10.806754221388369,-0.5113056867577606
10.81676047529706,-0.5365525209976555
10.826766729205753,-0.6357191552762623
10.836772983114448,-0.5532471964498891
10.84677923702314,-0.49885519068928497
10.856785490931832,-0.5101888905958549
10.866791744840524,-0.46535816201731933
10.876797998749218,-0.5506507652179896
10.88680425265791,-0.5916386924531697
10.896810506566604,-0.5457072576613048
10.906816760475298,-0.5655079214891654
10.91682301438399,-0.6556411126730612
10.926829268292684,-0.6447293902326738
10.936835522201376,-0.590704860682005
10.94684177611007,-0.5676893388115526
10.956848030018762,-0.5560856015454918
10.966854283927455,-0.5812268568416743
10.976860537836147,-0.5432866472031533
10.98686679174484,-0.6003813711158537
10.996873045653532,-0.6538395328630805
11.006879299562229,-0.5772401772065191
11.01688555347092,-0.6609602000090311
11.026891807379611,-0.6975104854612112
11.036898061288303,-0.6178148637113
11.046904315197,-0.7027335895296073
11.05691056910569,-0.6672127981853094
11.066916823014385,-0.5533238358135663
11.076923076923077,-0.6366602121251157
11.08692933083177,-0.6357102249811626
11.096935584740462,-0.5921976947152292
11.106941838649156,-0.6430748946440039
11.116948092557848,-0.6472003506091121
11.126954346466542,-0.6315292899147407
11.136960600375234,-0.701716702800009
11.146966854283928,-0.5710917595822367
11.15697310819262,-0.6312450017962878
11.166979362101314,-0.5913958500067346
11.176985616010006,-0.6166787735583656
11.1869918699187,-0.7471698602764907
11.196998123827392,-0.6897035567430219
11.207004377736084,-0.6325423221015564
11.217010631644778,-0.5793224540942179
11.227016885553471,-0.557322482957422
11.237023139462163,-0.6612980106495681
11.247029393370855,-0.6482846368639882
11.25703564727955,-0.7824407028795508
11.267041901188245,-0.5870815277503736
11.277048155096937,-0.6865814021380232
11.287054409005629,-0.7174046948482452
11.29706066291432,-0.6370045717272796
11.307066916823016,-0.659801323251058
11.317073170731708,-0.5869448844653725
11.3270794246404,-0.6058855991866213
11.337085678549093,-0.612006019701746
11.347091932457786,-0.5654927584591299
11.357098186366478,-0.6495608890067652
11.367104440275172,-0.6002542302795497
11.377110694183864,-0.558474829451773
11.387116948092558,-0.7018749587945302
11.39712320200125,-0.6374218575266382
11.407129455909944,-0.6064889508253081
11.417135709818636,-0.6703465797766912
11.42714196372733,-0.5698675310955138
11.437148217636022,-0.6827235202204224
11.447154471544716,-0.6648753627370785
11.457160725453408,-0.6880245092311764
11.4671669793621,-0.5954852983946154
11.477173233270792,-0.5143318691525279
11.487179487179487,-0.8115831999151958
11.49718574108818,-0.6913096772790137
11.507191994996871,-0.742324330613496
11.517198248905563,-0.591111271607729
11.52720450281426,-0.6329805725969048
11.537210756722953,-0.691095631286211
11.547217010631645,-0.6331231592161418
11.55722326454034,-0.5275847329984057
11.56722951844903,-0.7354213071865533
11.577235772357724,-0.6592647494697575
11.587242026266416,-0.6283015204075927
11.59724828017511,-0.6488892949732085
11.607254534083802,-0.5927625075287758
11.617260787992496,-0.5763970987537365
11.627267041901188,-0.7211204648023292
11.637273295809882,-0.6300737098692999
11.647279549718574,-0.6435392678716786
11.657285803627268,-0.5722227006372672
11.66729205753596,-0.6766424843786791
11.677298311444654,-0.6115683423800612
11.687304565353346,-0.6182299821543837
11.69731081926204,-0.5651811486039016
11.707317073170731,-0.6985619428080257
11.717323327079423,-0.70642361195316
11.727329580988116,-0.6462357594755251
11.737335834896813,-0.6832461939048982
11.747342088805503,-0.686466360100659
11.757348342714195,-0.6798196082719413
11.767354596622887,-0.6056644454066076
11.777360850531585,-0.6698921784058712
11.787367104440277,-0.6021203400174222
11.797373358348969,-0.7225907380086943
11.80737961225766,-0.6749349667162929
11.817385866166354,-0.6523748971098149
11.827392120075046,-0.6592665452447689
11.83739837398374,-0.588627324745402
11.847404627892432,-0.6369058541248932
11.857410881801126,-0.7084525560108623
11.867417135709818,-0.5913023123790462
11.877423389618512,-0.6292518714484744
11.887429643527204,-0.5573990656611039
11.897435897435898,-0.6612465289268479
11.90744215134459,-0.6262888205414952
11.917448405253284,-0.5880898870631888
11.927454659161976,-0.5963950290631718
11.93746091307067,-0.5827184361092032
11.947467166979362,-0.5803145950722807
11.957473420888055,-0.5763374524457786
11.967479674796747,-0.6024472619029123
11.97748592870544,-0.6954538417762933
11.987492182614131,-0.5552604783420394
11.997498436522829,-0.6184106899981583
12.00750469043152,-0.5466062404203784
12.017510944340213,-0.5880275691932407
12.027517198248905,-0.5939227996972326
12.0375234521576,-0.6874186221141613
12.04752970606629,-0.6718963877145129
12.057535959974985,-0.5876669909907684
12.067542213883677,-0.5830874050917252
12.07754846779237,-0.6914161162471978
12.087554721701062,-0.6327824096924951
12.097560975609756,-0.584403789607936
12.107567229518448,-0.5725317778793825
12.117573483427142,-0.6825506422009658
12.127579737335834,-0.5550838655315431
12.137585991244528,-0.6921208698297184
12.14759224515322,-0.5922214083904548
12.157598499061914,-0.6605041426647533
12.167604752970608,-0.7364477766334904
12.1776110068793,-0.6339052700254646
12.187617260787992,-0.6452603226842865
12.197623514696684,-0.5973331743107225
12.20762976860538,-0.6438304770341584
12.217636022514071,-0.6435936821421683
12.227642276422763,-0.698142678995702
12.237648530331455,-0.65377633510862
12.24765478424015,-0.5591641581355737
12.257661038148845,-0.6925503325193131
12.267667292057537,-0.7411280994756185
12.277673545966229,-0.6161529472268564
12.287679799874924,-0.5417625456864533
12.297686053783616,-0.662617477225746
12.307692307692308,-0.6782428561792636
12.317698561601,-0.559023999706437
12.327704815509694,-0.7019899343070213
12.337711069418386,-0.6267932741206541
12.34771732332708,-0.6240040603692256
12.357723577235772,-0.675110413477247
12.367729831144466,-0.7407491871264902
12.377736085053158,-0.5868994586069064
12.387742338961852,-0.6464265098796366
12.397748592870544,-0.6243184182642798
12.407754846779238,-0.5515238524558429
12.41776110068793,-0.625780283891048
12.427767354596623,-0.5229035028344701
12.437773608505315,-0.5722306092314365
12.44777986241401,-0.5866199835367939
12.4577861163227,-0.6354708370040745
12.467792370231397,-0.6216799459302258
12.477798624140087,-0.6191810471831443
12.48780487804878,-0.6693124339108182
12.497811131957471,-0.6815759811864202
12.507817385866169,-0.5927912869648879
12.51782363977486,-0.6322178307221851
12.527829893683553,-0.5758245746315507
12.537836147592245,-0.6422570692433882
12.547842401500938,-0.5994714834669255
12.55784865540963,-0.6403266843163035
12.567854909318324,-0.6752005423605932
12.577861163227016,-0.6481113746011816
12.58786741713571,-0.614358976922326
12.597873671044402,-0.6715905732872461
12.607879924953096,-0.6243025025572981
12.617886178861788,-0.5753708548265639
12.627892432770482,-0.6117154448251755
12.637898686679174,-0.5533394338084825
12.647904940587868,-0.679307664039586
12.65791119449656,-0.7184249585987896
12.667917448405252,-0.594195726436898
12.677923702313944,-0.7030207656417922
12.68792995622264,-0.5786218290261873
12.697936210131331,-0.6882186122943437
12.707942464040023,-0.6984790506277174
12.717948717948715,-0.6135404394738732
12.727954971857413,-0.6423368441046633
12.737961225766105,-0.5191738540211487
12.747967479674797,-0.6558061598576974
12.757973733583489,-0.568506053657743
12.767979987492184,-0.5788226477085812
12.777986241400876,-0.6090078727941144
12.787992495309568,-0.5747439009827314
12.79799874921826,-0.6491010502559067
12.808005003126954,-0.6198864453678112
12.818011257035648,-0.6621939114901155
12.82801751094434,-0.5646796566837983
12.838023764853034,-0.6073985433933616
12.848030018761726,-0.6692898709526455
12.85803627267042,-0.5466797407979197
12.868042526579112,-0.6097436408958304
12.878048780487806,-0.5778252838660008
12.888055034396498,-0.6605725757258875
12.898061288305191,-0.6163450379295665
12.908067542213884,-0.6518321889333062
12.918073796122576,-0.7039227203142759
12.92808005003127,-0.6509891978387772
12.938086303939963,-0.592560594971423
12.948092557848655,-0.671875694703325
12.958098811757347,-0.574959235731004
12.96810506566604,-0.5141784948940331
12.978111319574737,-0.5562888799690259
12.988117573483429,-0.7023412586253609
12.99812382739212,-0.6084065525411639
13.008130081300813,-0.6899846242541645
13.018136335209508,-0.5658854492782722
13.0281425891182,-0.596047727651957
13.038148843026892,-0.6094210076841491
13.048155096935584,-0.6166590109423143
13.058161350844278,-0.5149989479429731
13.06816760475297,-0.5497395805423726
13.078173858661664,-0.5390746801650406
13.088180112570356,-0.564722245226607
13.09818636647905,-0.5894009223497105
13.108192620387742,-0.6302651489416878
13.118198874296436,-0.5774234612078357
13.128205128205128,-0.4792534151941303
13.138211382113822,-0.6253045895530804
13.148217636022514,-0.46807130900125654
13.158223889931207,-0.5390336444986858
13.1682301438399,-0.5253315331234054
13.178236397748591,-0.6151908101601805
13.188242651657283,-0.4411392626187506
13.19824890556598,-0.4660423138326435
13.208255159474673,-0.4249353643776089
13.218261413383363,-0.485600702886826
13.228267667292055,-0.4501590865181727
13.23827392120075,-0.421639979116016
13.248280175109445,-0.4833584325994484
13.258286429018137,-0.44499049515498934
13.268292682926829,-0.37328638683942095
13.278298936835522,-0.46688995650702814
13.288305190744214,-0.43248050859207404
13.298311444652908,-0.40145560752328224
13.3083176985616,-0.41396967309610333
13.318323952470294,-0.40677232105001204
13.328330206378986,-0.5229040788596859
13.33833646028768,-0.40204604543813743
13.348342714196372,-0.34301119395273805
13.358348968105066,-0.448096933989093
13.368355222013758,-0.36884723713454176
13.378361475922452,-0.39200536204314246
13.388367729831144,-0.38501843559420135
13.398373983739836,-0.3487953425483454
13.40838023764853,-0.31244191280314776
13.418386491557223,-0.46941510066232617
13.428392745465915,-0.39145366727576586
13.43839899937461,-0.4198509267348744
13.4484052532833,-0.40403916095446873
13.458411507191997,-0.2674336225274768
13.468417761100689,-0.3036200140652803
13.47842401500938,-0.2743471534492609
13.488430268918076,-0.3934204214347719
13.498436522826768,-0.31492593900832133
13.50844277673546,-0.3452098845428259
13.518449030644152,-0.2354420623352036
13.528455284552846,-0.3143418012966525
13.538461538461538,-0.2771951718648664
13.548467792370232,-0.2720262856571134
13.558474046278924,-0.2967863439800436
13.568480300187618,-0.29150481999903904
13.57848655409631,-0.2600722792357173
13.588492808005004,-0.2248988543417439
13.598499061913696,-0.2627894203263963
13.60850531582239,-0.3344737984936278
13.618511569731082,-0.27864155640689786
13.628517823639775,-0.31722043963561863
13.638524077548468,-0.23423306910164432
13.64853033145716,-0.30433496630595624
13.658536585365852,-0.20094589685576691
13.668542839274547,-0.14814441598891268
13.67854909318324,-0.32560289945500837
13.688555347091931,-0.20149537635788245
13.698561601000623,-0.18732048944950475
13.70856785490932,-0.1653683103913998
13.71857410881801,-0.11300835356381711
13.728580362726705,-0.12619266890859723
13.738586616635397,-0.1697331745922712
13.74859287054409,-0.12480558839538354
13.758599124452784,-0.19728443825761532
13.768605378361476,-0.19990023432464993
13.778611632270168,-0.19313670094680271
13.788617886178862,-0.159965867059848
13.798624140087554,-0.1382391736318629
13.808630393996248,-0.1847004904429652
13.81863664790494,-0.05568454372030859
13.828642901813634,-0.15383445744689403
13.838649155722326,-0.09791865017920084
13.84865540963102,-0.07435479232301427
13.858661663539712,-0.12543624533175057
13.868667917448406,-0.0670796642805542
13.878674171357098,-0.008924356160769868
13.888680425265791,-0.019211231455166938
13.898686679174483,-0.056877414005007614
13.908692933083175,-0.08547385229918388
13.91869918699187,-0.09216846902851268
13.928705440900565,-0.020285382387925415
13.938711694809257,0.016562304197722342
13.948717948717947,0.0014950109077785903
13.95872420262664,-0.021115257991014214
13.968730456535337,0.017211783901133825
13.978736710444029,-0.036149574158424534
13.98874296435272,-0.062003362242733596
13.998749218261413,-0.03721918497328676
14.008755472170106,0.025189712182081905
14.018761726078798,-0.08222218059128199
14.028767979987492,-0.056204251675360015
14.038774233896184,0.08914203510231111
14.048780487804878,0.00839480564664096
14.05878674171357,-0.13078914529160246
14.068792995622264,0.014479492971178232
14.078799249530956,0.04257863055965254
14.08880550343965,-0.05876035068117154
14.098811757348344,0.012822687407188149
14.108818011257036,-0.015922075208843905
14.11882426516573,-0.02787149243915195
14.12883051907442,0.02580712379289408
14.138836772983115,0.039195187519282325
14.148843026891807,0.0010243373457585062
14.1588492808005,-0.022627845825486163
14.168855534709191,-0.03654135183593686
14.178861788617889,-0.05801211066091275
14.18886804252658,-0.02776431027129248
14.198874296435273,0.017927374891268843
14.208880550343965,0.016798342388248948
14.21888680425266,0.003449342463235864
14.22889305816135,0.008220676131594625
14.238899312070044,0.14903432327687424
14.248905565978736,-0.0028234246900542197
14.25891181988743,0.09747869981422902
14.268918073796122,-0.049627234960854506
14.278924327704816,-0.007291255847077156
14.288930581613508,-0.0361296693967457
14.298936835522202,-0.0050238869971079465
14.308943089430894,0.0313808486889559
14.318949343339588,-0.03135812583118679
14.32895559724828,0.10479128390900247
14.338961851156974,0.03149729016271625
14.348968105065666,0.07088086345197159
14.35897435897436,-0.030080901191491132
14.368980612883052,-0.03596644584493356
14.378986866791744,-0.02528856906221766
14.388993120700436,0.010921735331293174
14.398999374609131,-0.08875454092460475
14.409005628517823,-0.029175109371967933
14.419011882426515,-0.09742804847769046
14.429018136335207,-0.053661259243343765
14.439024390243905,0.035001500430327105
14.449030644152597,-0.015949127494659175
14.459036898061289,-0.04980627439585292
14.46904315196998,-0.0017840843499096867
14.479049405878676,0.008180693975551602
14.489055659787368,0.06095373883942749
14.49906191369606,0.0008367152859638339
14.509068167604752,-0.05200570334269241
14.519074421513446,-0.006636753956300518
14.529080675422138,0.07093755791134643
14.539086929330832,0.04140847032303823
14.549093183239524,0.036804006030115854
14.559099437148218,0.052095496499339464
14.56910569105691,-0.04087018026369607
14.579111944965604,-0.03454980862225144
14.589118198874296,-0.005991472832896214
14.59912445278299,-0.0803272243577496
14.609130706691682,0.026736840566423333
14.619136960600375,-0.10145863854615005
14.629143214509067,-0.031762449371569856
14.63914946841776,0.10936553547779883
14.649155722326451,0.034619049788963026
14.659161976235149,-0.026612758388441324
14.66916823014384,-0.0872442855601304
14.679174484052531,-0.10703739654284777
14.689180737961223,-0.024082834073065586
14.69918699186992,-0.013778681791672357
14.70919324577861,0.01730847885949756
14.719199499687305,0.02436039223730374
14.729205753595998,-0.008351804500350408
14.73921200750469,-0.10663668624893798
14.749218261413384,0.01979242857454125
14.759224515322076,-0.07863257500198488
14.76923076923077,0.05949777579350452
14.779237023139462,0.05016701240888097
14.789243277048156,0.016060579914032643
14.799249530956848,-0.020608626928937238
14.809255784865542,0.0509318721183273
14.819262038774234,-0.09730930037626671
14.829268292682928,-0.05093000814448029
14.83927454659162,0.08159495446674424
14.849280800500312,-0.022010594013867082
14.859287054409004,0.014954785808982846
14.8692933083177,-0.07632340408977818
14.879299562226391,-0.00204054215604637
14.889305816135083,-0.004011315086352341
14.899312070043775,0.10257340155300128
14.909318323952473,0.0026480687932684487
14.919324577861165,-0.07687267349334545
14.929330831769857,0.0392417566434877
14.939337085678549,0.03710955709576967
14.949343339587244,-0.010663092570945016
14.959349593495936,-0.022067891583075785
14.969355847404628,-0.14324376780117595
14.97936210131332,0.04169516036605323
14.989368355222014,-0.07444168564444029
14.999374609130706,-0.06447551696587044
15.0093808630394,-0.02832490442874794
15.019387116948092,-0.049363659678747764
15.029393370856786,0.014694906122843594
15.039399624765478,-0.006055101103851142
15.049405878674172,-0.023024746105555355
15.059412132582864,-0.01706166808252649
15.069418386491558,-0.031694720511924054
15.07942464040025,-0.04947432948678497
15.089430894308943,0.021958134499794817
15.099437148217635,-0.03086928058485109
15.10944340212633,-0.06726218774041938
15.11944965603502,-0.0006584640050022782
15.129455909943715,0.1207658527161575
15.139462163852407,-0.007876125912112692
15.1494684177611,-0.04128856807858622
15.159474671669791,0.06699931665430763
15.169480925578489,0.03188811727464867
15.17948717948718,-0.023922449054760223
15.189493433395873,0.014600008800843126
15.199499687304565,2.7505008316785444e-05
15.209505941213258,-0.002931333233208801
15.21951219512195,0.013015192228810936
15.229518449030644,-0.11427394736119505
15.239524702939336,0.09570387311223762
15.24953095684803,-0.025630367974308545
15.259537210756722,0.014206955701990915
15.269543464665416,-0.05816784060114584
15.279549718574108,-0.009738449721119091
15.289555972482802,-0.07184070858681244
15.299562226391494,-0.01586087359644158
15.309568480300188,-0.033393609329530796
15.31957473420888,-0.0035647235940878905
15.329580988117574,-0.041930539658358794
15.339587242026266,0.015075312526274426
15.34959349593496,-0.05299759480820103
15.359599749843651,-0.03201613283498119
15.369606003752343,0.014555646263127279
15.37961225766104,0.0037340560338486113
15.389618511569733,-0.03443878589927963
15.399624765478425,0.017113638881627567
15.409631019387117,-0.027235376238313753
15.41963727329581,0.048372574663705474
15.429643527204504,0.005971799551267717
15.439649781113197,0.054656177454606186
15.449656035021889,0.008393103535957196
15.459662288930582,-0.028725922332476027
15.469668542839274,0.06484170423910766
15.479674796747968,0.016369948025073643
15.48968105065666,0.02843739893169049
15.499687304565354,0.03812234093046011
15.509693558474046,0.041582795167087204
15.51969981238274,0.027105739669931822
15.529706066291432,0.04979167300268228
15.539712320200126,-0.024703363288026584
15.549718574108818,-0.11418415447881713
15.559724828017512,0.06121597307699353
15.569731081926204,0.02582212899917313
15.579737335834896,-0.011250917175561917
15.58974358974359,-0.0005691342891146886
15.599749843652283,-0.0863384374071792
15.609756097560975,-0.010831145427758673
15.619762351469667,-0.08361985623700705
15.62976860537836,0.06974298176664973
15.639774859287057,0.03597335997309142
15.649781113195749,-0.07613799153164585
15.65978736710444,-0.00871404802550755
15.669793621013133,-0.0430256218158253
15.679799874921828,-0.028787455356880577
15.68980612883052,-9.825812900360787e-05
15.699812382739212,-0.07714937992288419
15.709818636647904,0.052037717161836534
15.719824890556598,-0.02651320947405387
15.72983114446529,0.046049432068114314
15.739837398373984,-0.011983442057712608
15.749843652282676,0.0244146417477046
15.75984990619137,-0.03971407126950375
15.769856160100062,-0.07579107998023807
15.779862414008756,0.0004508658983760173
15.789868667917448,-0.02873259516218447
15.799874921826142,0.01593294926152976
15.809881175734834,0.08645573729918725
15.819887429643527,0.007790196613335081
15.82989368355222,0.006286668256751206
15.839899937460912,-0.07044943379769998
15.849906191369604,-0.03686226084152937
15.8599124452783,-0.07232033993658624
15.869918699186991,-0.0016966396606290382
15.879924953095683,0.05156183357801125
15.889931207004375,0.008698164762535364
15.89993746091307,-0.010913842839822493
15.909943714821765,0.12851833114964886
15.919949968730457,0.036159400152634615
15.929956222639149,0.004322446713442551
15.939962476547842,0.0056619107800986385
15.949968730456536,-0.02820277759845723
15.959974984365228,-0.10017424387724931
15.96998123827392,0.01837526168838436
15.979987492182614,0.023800526493824404
15.989993746091306,-0.044984872751158325
16.0,0.0624793556633313
