timestamp,z_axis
0.0,-0.08046207657116572
0.010005002501250625,0.021640031560121085
0.02001000500250125,-0.002706273027485875
0.030015007503751877,-0.026604458087756015
0.0400200100050025,-0.026522280397502207
0.05002501250625312,-0.013561255596699379
0.060030015007503754,-0.05204111435746991
0.07003501750875438,0.008564515120166497
0.080040020010005,-0.04276337368557793
0.09004502251125562,-0.02406412981418473
0.10005002501250625,0.02374339187820829
0.11005502751375687,-0.019153868754997666
0.12006003001500751,0.018481372822896882
0.13006503251625812,0.04143427700715969
0.14007003501750875,-0.007254851503010939
0.15007503751875936,-0.02343788354624715
0.16008004002001,-0.03308499976015525
0.17008504252126064,0.04953497068093595
0.18009004502251125,-0.0018050245003767174
0.19009504752376188,-0.012607585871079087
0.2001000500250125,0.014262844709691826
0.21010505252626313,0.037611028080079045
0.22011005502751374,-0.03603588122892788
0.23011505752876438,0.019913237073914146
0.24012006003001501,0.018009363958197605
0.25012506253126565,0.0164227030757682
0.26013006503251623,-0.04493009227663403
0.27013506753376687,0.004182629099261019
0.2801400700350175,0.013834008007897967
0.29014507253626814,-0.05111084883933026
0.3001500750375187,-0.00949004902913233
0.31015507753876936,-0.001389085585079802
0.32016008004002,0.013741691283388528
0.33016508254127064,-0.08420728555005902
0.3401700850425213,-0.04580586613628001
0.35017508754377186,0.06465389143701794
0.3601800900450225,-0.058955921826253414
0.37018509254627313,-0.0420975384196142
0.38019009504752377,0.023694121538394494
0.39019509754877435,0.04183869817549735
0.400200100050025,0.01962570762300664
0.4102051025512756,0.019698543059232226
0.42021010505252626,0.02872393375220929
0.4302151075537769,0.03895351535055736
0.4402201100550275,-0.015350885842303857
0.4502251125562781,0.046623229209250154
0.46023011505752875,0.06605425718063099
0.4702351175587794,0.014980934135666545
0.48024012006003003,-0.02993455592587288
0.4902451225612806,-0.011735062541703745
0.5002501250625313,0.06736476717884769
0.5102551275637819,-0.04142349258410163
0.5202601300650325,-0.014723575616925777
0.5302651325662832,-0.013362077789276108
0.5402701350675337,-0.003128894132686185
0.5502751375687843,0.02998237846750496
0.560280140070035,-0.04817295993747561
0.5702851425712856,0.03243844049081017
0.5802901450725363,-0.02741533916018423
0.5902951475737869,0.007063443838926593
0.6003001500750375,0.02702483228462225
0.6103051525762881,0.04284284676360758
0.6203101550775387,0.0735775016262625
0.6303151575787894,-0.0062772943752278714
0.64032016008004,-0.0024779128684696327
0.6503251625812906,-0.016864535489441355
0.6603301650825413,0.030178292399999453
0.6703351675837919,-0.012554365226854033
0.6803401700850426,0.007790474799336156
0.6903451725862931,0.02189100505715676
0.7003501750875437,0.0018859393388180746
0.7103551775887944,0.021454032816464196
0.720360180090045,-0.0010155747484789034
0.7303651825912957,0.0028857330694504516
0.7403701850925463,-0.026240942065906197
0.7503751875937968,0.03983762802066189
0.7603801900950475,-0.022183189504985427
0.7703851925962981,0.014991917804265134
0.7803901950975487,-0.035281919095603166
0.7903951975987994,-0.010251828846851519
0.80040020010005,-0.015868673953910017
0.8104052026013007,0.007102082329035475
0.8204102051025512,-0.005677196910705627
0.8304152076038018,0.046341942567645594
0.8404202101050525,-0.037812997959169946
0.8504252126063031,-0.01943951305764483
0.8604302151075538,0.017166853038033617
0.8704352176088044,0.017168486475072284
0.880440220110055,0.019650539879466068
0.8904452226113057,-0.019813704189209302
0.9004502251125562,0.009405973324875111
0.9104552276138069,-0.007222255133135182
0.9204602301150575,-0.01668620036079723
0.9304652326163081,-0.05969562965671121
0.9404702351175588,0.013843020322003295
0.9504752376188094,-0.01051919959616061
0.9604802401200601,0.018588430589185932
0.9704852426213106,-0.03590787490954136
0.9804902451225612,0.0347781277111854
0.9904952476238119,0.05725954620217014
1.0005002501250626,0.0221451512923168
1.0105052526263132,-0.013229030679448014
1.0205102551275638,-0.007987162804330112
1.0305152576288144,-0.0041806768102706626
1.040520260130065,0.026135481755748844
1.0505252626313157,0.001789508192268077
1.0605302651325663,-0.017913503362850077
1.070535267633817,0.01889654087728306
1.0805402701350675,0.014082323206215759
1.090545272636318,-0.02807913497122261
1.1005502751375686,0.0180470455698793
1.1105552776388194,0.022961703490094215
1.12056028014007,0.011158702537778958
1.1305652826413206,-0.018849538867890356
1.1405702851425712,-0.02905779305840091
1.1505752876438218,0.04999667944833525
1.1605802901450726,-0.007896017778041865
1.1705852926463232,-0.008412167241955286
1.1805902951475737,0.020263779251551182
1.1905952976488243,0.0634444656860095
1.200600300150075,0.05041427365223351
1.2106053026513257,-0.01745503717898696
1.2206103051525763,-0.009238418094806418
1.2306153076538269,0.005722395990432966
1.2406203101550775,0.011321150599700222
1.250625312656328,0.07385495227713998
1.2606303151575788,0.008897464199377219
1.2706353176588294,-0.010411689393336076
1.28064032016008,-0.032752196671201515
1.2906453226613306,-0.05866466302537708
1.3006503251625812,-0.014177668430964348
1.310655327663832,-0.02137895977293604
1.3206603301650826,0.01580776661550197
1.3306653326663331,0.03635394626491418
1.3406703351675837,0.011538796772598912
1.3506753376688343,0.0016129854169572998
1.360680340170085,-0.03843297707786826
1.3706853426713357,-0.03560999627704389
1.3806903451725863,-0.000133217943364471
1.3906953476738368,0.01290028265320291
1.4007003501750874,-0.03453087260475527
1.4107053526763382,0.03351222656935778
1.4207103551775888,0.007040194407370239
1.4307153576788394,0.0006829685033689953
1.44072036018009,-0.005452590841642067
1.4507253626813406,0.004762055956805078
1.4607303651825914,0.01561758246387525
1.470735367683842,-0.015477018018419133
1.4807403701850925,-0.012653624120822785
1.490745372686343,-0.006227727770561709
1.5007503751875937,0.07610126460963672
1.5107553776888443,0.02146508613190289
1.520760380190095,-0.006552881023998011
1.5307653826913457,-0.04559209558137244
1.5407703851925962,0.002859987129518137
1.5507753876938468,0.01746642302318164
1.5607803901950974,-0.03507523958066672
1.5707853926963482,0.051854345400977574
1.5807903951975988,-0.020930059420010312
1.5907953976988494,-0.027390421716377043
1.6008004002001,-0.062083232947897804
1.6108054027013505,0.02770122965531991
1.6208104052026013,-0.0315928408935348
1.630815407703852,-5.3450129961356386e-05
1.6408204102051025,0.005546677059293941
1.650825412706353,-0.07099912671710257
1.6608304152076037,-0.0334209585227884
1.6708354177088545,0.030007008645121777
1.680840420210105,-0.020222939966398207
1.6908454227113556,-0.009036064817593741
1.7008504252126062,0.033370086993907803
1.7108554277138568,0.05202270589521239
1.7208604302151076,-0.025355932607378163
1.7308654327163582,0.009821664922396698
1.7408704352176088,0.026294434016789568
1.7508754377188593,0.022611976723855096
1.76088044022011,0.0032943184787041662
1.7708854427213607,0.04279109355202659
1.7808904452226113,-0.03638849768627511
1.7908954477238619,-0.007848150603695531
1.8009004502251125,0.01851040329741296
1.810905452726363,0.019110138363444336
1.8209104552276139,0.05299033654730347
1.8309154577288644,0.00978117126436819
1.840920460230115,-0.018428607694342555
1.8509254627313656,0.02558770322258031
1.8609304652326162,0.0054774128957274845
1.870935467733867,0.0034046872263983003
1.8809404702351176,-0.04581941919637979
1.8909454727363681,0.03768677205968248
1.9009504752376187,-0.03162490834627198
1.9109554777388693,0.05759975354081564
1.9209604802401201,0.006644767157230021
1.9309654827413707,-0.0037976534220961443
1.9409704852426213,-0.010915859230848778
1.9509754877438719,0.01818887268840209
1.9609804902451224,-0.007657424009917613
1.970985492746373,0.0033408573442937116
1.9809904952476238,-0.05931318687844531
1.9909954977488744,-0.046363414475777485
2.001000500250125,0.02097649248678069
2.0110055027513756,0.007746258798977512
2.0210105052526264,-0.02722740507837727
2.0310155077538767,0.016600435158475625
2.0410205102551275,-0.04190191440336863
2.0510255127563783,0.01286980888610156
2.0610305152576287,0.028949598439100378
2.0710355177588795,-0.017315623450191327
2.08104052026013,0.028648609504212254
2.0910455227613807,-0.012862006098854434
2.1010505252626315,-0.008073247177420096
2.111055527763882,-0.02580832537689948
2.1210605302651326,-0.011995237913938262
2.131065532766383,0.021252726957065603
2.141070535267634,0.02011417655744104
2.151075537768884,0.005868950825625218
2.161080540270135,-0.0035395570562911523
2.1710855427713858,-0.006577594561990579
2.181090545272636,-0.04485495322811856
2.191095547773887,0.021282780508222323
2.2011005502751373,-0.011164178858913519
2.211105552776388,-0.004914720763713452
2.221110555277639,0.02049127347311363
2.2311155577788893,-0.015682853496583177
2.24112056028014,-0.008628923044860468
2.2511255627813904,0.0129989160218117
2.2611305652826412,-0.010840196061411598
2.271135567783892,0.04885614136543062
2.2811405702851424,0.03740597764998009
2.291145572786393,0.026209624276601978
2.3011505752876436,-0.020147407396779775
2.3111555777888944,-0.046122201985499996
2.321160580290145,-0.000947467022230495
2.3311655827913955,0.0019741216009174544
2.3411705852926463,-0.01416821209305461
2.3511755877938967,0.005070415251464695
2.3611805902951475,-0.02448858987018751
2.3711855927963983,0.02753976193106635
2.3811905952976486,0.01263657566185421
2.3911955977988995,-0.03758055646523336
2.40120060030015,0.025461155679243598
2.4112056028014006,-0.04403849097009615
2.4212106053026514,0.029331769457251997
2.431215607803902,-0.018190393298717578
2.4412206103051526,-0.026100215033726164
2.451225612806403,-0.031126688258631956
2.4612306153076537,-0.0023267250872025594
2.4712356178089045,-0.010762218425975212
2.481240620310155,-0.058392100617676856
2.4912456228114057,-0.008863437387121052
2.501250625312656,-0.001521341026475916
2.511255627813907,-0.015031312148188352
2.5212606303151577,0.005400797163519022
2.531265632816408,-0.049398763202646384
2.541270635317659,0.0058963783136580525
2.551275637818909,-0.005885382031591863
2.56128064032016,-0.01111732149046449
2.571285642821411,0.003451888305862177
2.581290645322661,-0.029493218375259853
2.591295647823912,-0.0301658746734298
2.6013006503251623,0.010822429625122802
2.611305652826413,-0.026327107988669735
2.621310655327664,0.0071723635165457855
2.6313156578289143,0.03370850277474646
2.641320660330165,0.040294100967693446
2.6513256628314155,-0.024249206021077538
2.6613306653326663,0.023184306819744562
2.671335667833917,-0.03951179639940335
2.6813406703351674,-0.0452564100699251
2.6913456728364182,-0.04102189544238234
2.7013506753376686,-0.018800110243796863
2.7113556778389194,-0.015878863363512758
2.72136068034017,-0.018861726768305765
2.7313656828414206,-0.006905525795066252
2.7413706853426714,-0.007640831277277997
2.7513756878439217,0.012689076489332877
2.7613806903451725,-0.006582165084566632
2.7713856928464233,0.020829453714785565
2.7813906953476737,0.03259188019555346
2.7913956978489245,-0.03724974730096056
2.801400700350175,-0.0384758538853747
2.8114057028514257,0.026610630237994013
2.8214107053526765,-0.018420483211162495
2.831415707853927,-0.008939532954514521
2.8414207103551776,0.00441318693718688
2.851425712856428,0.0035146943761393337
2.861430715357679,0.04239695998150391
2.8714357178589296,0.016529645976225502
2.88144072036018,0.031044974044266933
2.8914457228614308,0.018724529297833366
2.901450725362681,-0.018354977319651168
2.911455727863932,0.07612935247599552
2.9214607303651827,0.0074019254678641426
2.931465732866433,-0.02251229721992198
2.941470735367684,-0.03955094213889047
2.9514757378689342,-0.0384677310847196
2.961480740370185,0.007404840767584394
2.971485742871436,0.040696594474992964
2.981490745372686,-0.034751430228302536
2.991495747873937,0.019640452333802693
3.0015007503751874,0.02825196443683812
3.011505752876438,0.008118809868727171
3.0215107553776885,0.0024618298601134033
3.0315157578789393,0.01081650778686347
3.04152076038019,-0.07719819441648365
3.0515257628814405,-0.04112774503689607
3.0615307653826913,-0.008792031762148857
3.0715357678839417,-0.009310651959175709
3.0815407703851925,-0.022262127407929128
3.0915457728864433,-0.023101639282575342
3.1015507753876936,-0.004706485669352511
3.1115557778889444,-0.01911921323675606
3.121560780390195,0.010347059540963115
3.1315657828914456,0.037416193231274986
3.1415707853926964,-0.028192867585068022
3.1515757878939468,0.0005353186722678214
3.1615807903951976,0.005439904308098788
3.171585792896448,0.023227198613344213
3.1815907953976987,0.022498655918611925
3.1915957978989495,0.03439937008377419
3.2016008004002,0.01489447289877078
3.2116058029014507,-0.038248768297375814
3.221610805402701,-0.04114563111411569
3.231615807903952,0.01002200113150866
3.2416208104052027,0.012802582508539603
3.251625812906453,-0.03927963224798428
3.261630815407704,-0.01916479195763269
3.271635817908954,0.020944023680497272
3.281640820410205,0.018594678360816908
3.291645822911456,-0.006173272386778107
3.301650825412706,0.028415467728652742
3.311655827913957,0.027916938921239646
3.3216608304152073,-0.011986984042186372
3.331665832916458,0.012717672530056161
3.341670835417709,0.02199909829947323
3.3516758379189593,-0.0282009640923085
3.36168084042021,-0.012291457605663627
3.3716858429214605,-0.04031009960475831
3.3816908454227113,0.008927573796020995
3.391695847923962,-0.014098168379818041
3.4017008504252124,-0.03402052969603896
3.4117058529264632,0.02409485856794493
3.4217108554277136,0.020349433392409574
3.4317158579289644,0.03733352689712616
3.441720860430215,0.013705461434305033
3.4517258629314655,0.007582327333245555
3.4617308654327164,0.03187206839901929
3.4717358679339667,-0.01067408909711796
3.4817408704352175,-0.04812818462247263
3.4917458729364683,-0.024185675027344464
3.5017508754377187,0.03028265433658537
3.5117558779389695,0.045117418100552364
3.52176088044022,-0.010046961093910107
3.5317658829414706,-0.06644115963015759
3.5417708854427215,-0.019704260152455286
3.551775887943972,-0.04675158150084207
3.5617808904452226,-0.004663813032963733
3.571785892946473,0.04896642617872889
3.5817908954477238,0.05153150998394162
3.5917958979489746,0.021367722056895
3.601800900450225,-0.008072934272412784
3.6118059029514757,-0.005345750763946343
3.621810905452726,-0.010671598936447771
3.631815907953977,-0.009049312073713501
3.6418209104552277,-0.00623167616264977
3.651825912956478,-0.02037865127749694
3.661830915457729,0.00955381721294216
3.6718359179589792,0.005379287104787435
3.68184092046023,-0.02501139051900767
3.691845922961481,-0.003190471025762331
3.701850925462731,0.049542358146668804
3.711855927963982,0.03941823413273365
3.7218609304652324,-0.03113608483193094
3.731865932966483,-0.07709576826434651
3.741870935467734,-0.018500157230822885
3.7518759379689843,0.03292357745162057
3.761880940470235,0.017195123418935036
3.7718859429714855,0.016710789960856585
3.7818909454727363,0.030556328691515006
3.791895947973987,0.03381618982636647
3.8019009504752375,0.06243897184438537
3.8119059529764883,-0.0131018235030261
3.8219109554777386,0.03492530622653586
3.8319159579789894,-0.0037439714511360717
3.8419209604802402,0.017475550192266865
3.8519259629814906,0.03379070731014512
3.8619309654827414,-0.008403056987839252
3.8719359679839918,0.0014056338594581694
3.8819409704852426,-0.007636058437683141
3.891945972986493,0.02611924162020468
3.9019509754877437,-0.015623181954447113
3.9119559779889945,-0.030338775689573536
3.921960980490245,-0.01305331636527041
3.9319659829914957,-0.010290865934638023
3.941970985492746,0.013885925846388241
3.951975987993997,-0.00929739277932847
3.9619809904952477,-0.022627986991839592
3.971985992996498,-0.0021182519951116014
3.981990995497749,0.026718373831279542
3.991995997998999,-0.0015916214184553696
4.00200100050025,0.01799829162988549
4.012006003001501,0.02722703149008516
4.022011005502751,0.04538660635490924
4.0320160080040015,-0.007376530161423842
4.042021010505253,0.023558712235424807
4.052026013006503,0.017864313910864082
4.0620310155077535,-0.02258986962762906
4.072036018009005,-0.033249002881805004
4.082041020510255,0.008285115256058155
4.092046023011505,-0.06174732642373287
4.102051025512757,0.031247643532475066
4.112056028014007,-0.02852698950043149
4.122061030515257,-0.05877074740640666
4.132066033016508,-0.04993162089723629
4.142071035517759,-0.02820514163878997
4.152076038019009,0.05015558805025317
4.16208104052026,-0.03932989550953145
4.172086043021511,0.048125050834347025
4.182091045522761,0.02846898577493037
4.192096048024012,-0.04313967476564382
4.202101050525263,0.014379059684743931
4.212106053026513,0.004089368637896036
4.222111055527764,0.05711307676413758
4.232116058029014,0.013122978699067119
4.242121060530265,-0.015852733526095494
4.252126063031516,-0.027023648129271178
4.262131065532766,-0.03226520140468634
4.272136068034017,-0.0108454468593724
4.282141070535268,-0.014675948161415847
4.292146073036518,0.03732015884600138
4.302151075537768,-0.026620099819226032
4.31215607803902,-0.022930610096010152
4.32216108054027,-0.006986011663452732
4.33216608304152,-0.03235370961953365
4.3421710855427715,0.037157651267881266
4.352176088044022,-0.017367385984030044
4.362181090545272,-0.025635573674938114
4.3721860930465235,0.05484227315321436
4.382191095547774,-0.07126474172684179
4.392196098049024,0.009980643014269715
4.402201100550275,0.024958538753243942
4.412206103051526,-0.026972680036485536
4.422211105552776,0.0381281583998208
4.4322161080540265,-0.04556873094484869
4.442221110555278,-0.03838158712881492
4.452226113056528,-0.00959964885675804
4.4622311155577785,-0.027324518483280925
4.47223611805903,0.02394352309575187
4.48224112056028,-0.0012607646660933594
4.4922461230615305,-0.060817612731851864
4.502251125562781,0.04722591652280569
4.512256128064032,0.000351784507624595
4.5222611305652824,0.009010086447073464
4.532266133066533,-0.007129046383731791
4.542271135567784,-0.03527069750509116
4.552276138069034,-0.0014236288793439595
4.562281140570285,0.007087446395355274
4.572286143071536,-0.025848913460971956
4.582291145572786,0.0020592471310437676
4.592296148074037,-0.010912305403313184
4.602301150575287,0.03389292472498883
4.612306153076538,0.017723916437784735
4.622311155577789,-0.005895611888878864
4.632316158079039,-0.006386423797647594
4.64232116058029,-0.0016318238480229272
4.652326163081541,-0.03983507149157528
4.662331165582791,0.05228636334397641
4.672336168084042,-0.01626321197773653
4.682341170585293,-0.012142749181892835
4.692346173086543,-0.0011213571563309535
4.702351175587793,-0.015443809772029759
4.712356178089045,-0.01919235414066595
4.722361180590295,0.012581932127801409
4.732366183091545,-0.03625721884048444
4.742371185592797,0.005736342312137858
4.752376188094047,-0.009749684930264225
4.762381190595297,-0.04370821030691333
4.7723861930965485,-0.024686645666166053
4.782391195597799,0.04505636725354327
4.792396198099049,-0.005258697576400497
4.8024012006003,0.02517817092835255
4.812406203101551,0.016718956171137552
4.822411205602801,-0.03225275921050538
4.832416208104052,0.0232335716344473
4.842421210605303,-0.032942203285548706
4.852426213106553,0.012436405292018674
4.862431215607804,0.008121423265283114
4.872436218109055,-0.02258842480823111
4.882441220610305,-0.02574397416135736
4.8924462231115555,0.00901794847870009
4.902451225612806,0.035700875648427166
4.912456228114057,0.026254459414770823
4.9224612306153075,-0.017877444873947386
4.932466233116558,-0.010337862258616907
4.942471235617809,-0.03651818824259614
4.9524762381190595,0.01894373265492609
4.96248124062031,0.04133125796342284
4.972486243121561,-0.01689337877234743
4.982491245622811,-0.01477917756986882
4.992496248124062,-0.05429870004949183
5.002501250625312,0.020394313509332487
5.012506253126563,-0.025089598403184605
5.022511255627814,-0.04771981521901229
5.032516258129064,-0.027981949263520024
5.042521260630315,-0.009122558641018984
5.052526263131566,0.01866519983290074
5.062531265632816,-0.03236369459871136
5.072536268134067,0.024221849793458334
5.082541270635318,-0.03951554077138614
5.092546273136568,-0.020893525479508686
5.102551275637818,-0.01482918907360227
5.11255627813907,0.012021602162514085
5.12256128064032,-0.027768927668956906
5.13256628314157,0.01065596638834583
5.142571285642822,0.026629714029677214
5.152576288144072,-0.013402001798558383
5.162581290645322,0.05481635915075754
5.172586293146573,0.01609624108214665
5.182591295647824,0.021311444872929408
5.192596298149074,0.005281190074323568
5.202601300650325,-0.014221766273460352
5.212606303151576,0.010315811022766554
5.222611305652826,-0.016682335547498334
5.232616308154077,-0.025141887935393868
5.242621310655328,-0.009202875790176465
5.252626313156578,-0.040374644314253305
5.262631315657829,-0.042241626848216716
5.272636318159079,-0.014671671734658323
5.28264132066033,-0.02646647269521788
5.292646323161581,0.01839468768648229
5.302651325662831,0.018443606025736782
5.312656328164082,0.050288607287918195
5.3226613306653325,-0.048841034668052896
5.332666333166583,-0.006636646054452017
5.342671335667834,0.02504247997118354
5.3526763381690845,0.017215737240460525
5.362681340670335,0.06951002825791262
5.372686343171585,-0.03845924197473234
5.3826913456728365,0.008065498447867605
5.392696348174087,-0.005559539135835874
5.402701350675337,-0.01829986743484304
5.412706353176588,-0.013319876358181625
5.422711355677839,-0.018120412795389087
5.432716358179089,0.024863404166100837
5.44272136068034,-0.000984210758022744
5.452726363181591,0.00775848299628643
5.462731365682841,0.030039936711900965
5.4727363681840915,-0.01879285297421165
5.482741370685343,0.020211188404660345
5.492746373186593,0.03498885556997148
5.5027513756878434,0.0015402406757781715
5.512756378189095,-0.0100799286341296
5.522761380690345,0.042098959646934046
5.532766383191595,-0.024117462450712508
5.542771385692847,-0.018738838529622937
5.552776388194097,0.018591586067230402
5.562781390695347,0.00023260791666368757
5.572786393196598,0.05644831649193742
5.582791395697849,-0.014881182965800197
5.592796398199099,-0.058704125462293345
5.60280140070035,-0.023905471263759824
5.612806403201601,9.573160892576927e-05
5.622811405702851,-0.0049496067751183285
5.632816408204102,0.04344530838132474
5.642821410705353,-0.0061589980000543955
5.652826413206603,0.04179435658193029
5.662831415707854,0.00642054846524189
5.672836418209104,0.003807939065350092
5.682841420710355,0.009168963480124361
5.692846423211606,0.01189455041046505
5.702851425712856,-0.010783043943067004
5.712856428214107,0.034583797336597506
5.722861430715358,0.030663601293794213
5.732866433216608,-0.013005622211879663
5.742871435717859,0.030739373251061096
5.7528764382191095,-0.0023914674147687887
5.76288144072036,0.019640925424482474
5.77288644322161,-0.050881287873703246
5.7828914457228615,0.025379051742302546
5.792896448224112,0.011148397162998569
5.802901450725362,-0.05910476635382343
5.8129064532266135,0.03421972089627619
5.822911455727864,-0.01633755052772367
5.832916458229114,-0.014710124275542575
5.8429214607303654,0.009960615079208642
5.852926463231616,0.006929720925797121
5.862931465732866,0.011314822250441444
5.8729364682341165,-0.024942276777741596
5.882941470735368,0.029150947302180256
5.892946473236618,0.0379433216387803
5.9029514757378685,-0.03649080085315459
5.91295647823912,-0.015858122835278626
5.92296148074037,0.05613170445841582
5.9329664832416205,-0.00663300384158777
5.942971485742872,-0.03934952573466484
5.952976488244122,0.024703918175646385
5.962981490745372,0.0519668031844314
5.972986493246623,-0.02754614999886474
5.982991495747874,-0.01661832789573107
5.992996498249124,0.04423304646622895
6.003001500750375,0.05380625689141585
6.013006503251626,-0.001054921177899155
6.023011505752876,-0.03882296597319649
6.033016508254127,-0.020157391062806212
6.043021510755377,-8.577133039243385e-05
6.053026513256628,0.015496024842076414
6.063031515757879,-0.011255700733648157
6.073036518259129,0.03480580230927693
6.08304152076038,0.003089455351728111
6.093046523261631,0.01814080170556915
6.103051525762881,0.06554286312390155
6.113056528264132,-0.01938512613081208
6.123061530765383,0.04357102843732461
6.133066533266633,-0.034106799760720945
6.143071535767883,-0.06462148709530569
6.153076538269135,0.02412191435192341
6.163081540770385,0.032984258271724805
6.173086543271635,0.03713908592118286
6.1830915457728866,0.021965742909076994
6.193096548274137,0.023470953492660682
6.203101550775387,0.053018485265305115
6.2131065532766385,-0.029423487717650545
6.223111555777889,-0.009468350726944578
6.233116558279139,0.033538407578842425
6.24312156078039,0.014744614704287468
6.253126563281641,0.0695922604137893
6.263131565782891,0.02071464710783331
6.273136568284142,0.018339267633458684
6.283141570785393,-0.02431064511753225
6.293146573286643,-0.0104891660774602
6.3031515757878935,0.018635655251019376
6.313156578289145,0.017831003422588265
6.323161580790395,0.04275438784427048
6.3331665832916455,-0.0006433921661276826
6.343171585792896,-0.0056422147607392325
6.353176588294147,0.007018486929719622
6.3631815907953975,-0.005641437246992046
6.373186593296648,-0.05497580502441344
6.383191595797899,-0.012756567696295426
6.393196598299149,0.026059362386028365
6.4032016008004,0.04022996888380287
6.413206603301651,-0.016380358046787696
6.423211605802901,0.06415725574950513
6.433216608304152,-0.03315767530085101
6.443221610805402,-0.023418835033540416
6.453226613306653,-0.0034887635613529214
6.463231615807904,-0.01636515494563116
6.473236618309154,-0.024004696758860293
6.483241620810405,0.01486717915713911
6.493246623311656,0.0051513948190047365
6.503251625812906,0.04807840285322577
6.513256628314157,0.04982635752666808
6.523261630815408,-0.030039668477808947
6.533266633316658,0.01443196435042347
6.543271635817908,0.01349465699637805
6.55327663831916,0.025378869538238598
6.56328164082041,-0.04288388148942488
6.57328664332166,-0.022034880182310156
6.583291645822912,-0.01586087844760386
6.593296648324162,-0.029128684823654525
6.603301650825412,0.0320659799195862
6.613306653326664,-0.020083778345977906
6.623311655827914,0.040934961737107756
6.633316658329164,-0.027030547649238634
6.643321660830415,0.025973261981723735
6.653326663331666,0.029404175627812206
6.663331665832916,-0.020753478308535692
6.673336668334167,0.012039817519505154
6.683341670835418,-0.035899316934828084
6.693346673336668,0.02165990809724645
6.703351675837919,-0.023260077101743572
6.71335667833917,0.022111072011306826
6.72336168084042,-0.023643476106954473
6.7333666833416705,-0.03868599748401305
6.743371685842921,0.029554582062626265
6.753376688344172,-0.023258746826235962
6.7633816908454225,0.03218065880545132
6.773386693346673,0.024068854382468703
6.783391695847924,-0.002538320027546592
6.7933966983491745,0.024161171585380017
6.803401700850425,-0.01060850993199117
6.813406703351676,-0.025669959840798277
6.8234117058529264,0.008391078390234567
6.833416708354177,-0.011922505009751786
6.843421710855427,0.04955877062407922
6.853426713356678,-0.029988296804004035
6.863431715857929,-0.0041987685876749194
6.873436718359179,0.04817915664962337
6.88344172086043,0.007726380523078305
6.893446723361681,-0.01840411091052189
6.903451725862931,0.004862941118136271
6.9134567283641815,-0.03311381413006371
6.923461730865433,0.014941572251835612
6.933466733366683,0.009556232387678497
6.943471735867933,0.04411680673579285
6.953476738369185,0.030478466331281612
6.963481740870435,0.019283789064368197
6.973486743371685,0.028420615344539615
6.983491745872937,0.04200925454693004
6.993496748374187,0.03436992313664285
7.003501750875437,0.030518065485364326
7.013506753376688,-0.03655748064800291
7.023511755877939,-0.01614545204907297
7.033516758379189,0.0002459743420168631
7.04352176088044,-0.01760495892555207
7.053526763381691,-0.017559379841286357
7.063531765882941,0.0010326829252496185
7.073536768384192,-0.05205738466957782
7.083541770885443,-0.010741884400629035
7.093546773386693,0.044945810442916616
7.103551775887944,-0.07410200578777115
7.113556778389194,-0.027538534393819966
7.123561780890445,-0.05648179474130936
7.133566783391696,-0.0032454253415162794
7.143571785892946,0.034186903066206954
7.153576788394197,-0.013930969644304434
7.1635817908954476,0.0039115666941043955
7.173586793396698,-0.021510449989655525
7.183591795897949,0.022630739494898272
7.1935967983991995,-0.011457608991941745
7.20360180090045,-0.02986773771220461
7.2136068034017,-0.018916509027575988
7.2236118059029515,0.02879709468026528
7.233616808404202,-0.02096073313013091
7.243621810905452,-0.05019105976456617
7.2536268134067035,0.01623780282819638
7.263631815907954,0.014405737175286022
7.273636818409204,-0.010729049555905028
7.283641820910455,0.012243162952805522
7.293646823411706,0.05743398065881648
7.303651825912956,-0.04885651460431805
7.3136568284142065,-0.02262660724710861
7.323661830915458,0.002652177718838911
7.333666833416708,0.014276890793278684
7.3436718359179585,-0.001377723874929409
7.35367683841921,0.011486561386699932
7.36368184092046,-0.0012661328650425548
7.37368684342171,0.06748588652283272
7.383691845922962,0.017715451803662362
7.393696848424212,-0.03740220558534856
7.403701850925462,0.048035515250362246
7.413706853426713,-0.0063863201171317115
7.423711855927964,0.012825573389509558
7.433716858429214,-0.0033851201642909846
7.443721860930465,0.0014763753882365129
7.453726863431716,0.007534563620348484
7.463731865932966,0.006841846193523265
7.473736868434217,-0.01592453810745199
7.483741870935468,-0.03022308904084793
7.493746873436718,-0.0015546832155191694
7.503751875937969,0.019881872919470536
7.513756878439219,0.069949893785951
7.52376188094047,0.01607821359539841
7.533766883441721,-0.02439946966087528
7.543771885942971,0.02053797945846508
7.553776888444222,0.0061530273736910375
7.563781890945473,0.026175345498282467
7.573786893446723,0.05556109685903012
7.583791895947974,0.00928307214595951
7.593796898449225,-0.034295018718539634
7.603801900950475,0.0053788132075282755
7.613806903451725,-0.01413039010972943
7.6238119059529765,-0.015045021579727542
7.633816908454227,-0.023615459481360117
7.643821910955477,0.007423185626693871
7.6538269134567285,-0.019134972018838736
7.663831915957979,0.058432203838172964
7.673836918459229,-0.0033424422977217554
7.6838419209604805,-0.005076019322084188
7.693846923461731,0.0323500292895119
7.703851925962981,-0.00903827054009157
7.7138569284642315,0.0078026012782230455
7.723861930965483,0.03558721292714459
7.733866933466733,-0.0008141035471596589
7.7438719359679835,-0.02992089933471701
7.753876938469235,-0.05497871697931445
7.763881940970485,0.022766015287420678
7.7738869434717355,0.0036135589527988865
7.783891945972986,0.029424331495670808
7.793896948474237,-0.013210903036982599
7.8039019509754874,0.06477585870863375
7.813906953476738,-0.033550353878261246
7.823911955977989,-0.016698741251597014
7.833916958479239,0.07703791074768786
7.84392196098049,0.006031202457833843
7.853926963481741,0.031980713290786764
7.863931965982991,-0.05511598649345595
7.873936968484242,0.014086023884268934
7.883941970985492,0.02544137403106264
7.893946973486743,-0.055047419904838794
7.903951975987994,0.03432648739356115
7.913956978489244,-0.01566800524401431
7.923961980990495,-0.02394626261444151
7.933966983491746,0.006675833585685527
7.943971985992996,-0.027544877361663604
7.953976988494247,-0.0032589921288355126
7.963981990995498,-0.005973019389900659
7.973986993496748,-0.030028460175907493
7.983991995997998,0.02211861584745928
7.99399699849925,-0.039742855451768686
8.0040020010005,0.047269864285161764
8.014007003501751,0.017619527964994497
8.024012006003002,0.04059735930781645
8.034017008504252,0.029095081473893867
8.044022011005502,-0.0019546587353332064
8.054027013506753,0.027623898169392414
8.064032016008003,-0.0018910880934473644
8.074037018509255,-0.031177118392619937
8.084042021010506,0.018068448405112764
8.094047023511756,0.005407446711523636
8.104052026013006,-0.025225679826676502
8.114057028514257,-0.04626227754933359
8.124062031015507,0.003347424918612375
8.134067033516757,-0.02531908482370887
8.14407203601801,0.007295970904156123
8.15407703851926,-0.024060539254066694
8.16408204102051,0.016477565159822394
8.17408704352176,0.03199665506842665
8.18409204602301,-0.003391174347655186
8.194097048524261,-0.03714313825389307
8.204102051025513,0.009890921636429984
8.214107053526764,-0.01943476466717318
8.224112056028014,0.007374698442092157
8.234117058529264,0.04332135638702336
8.244122061030515,0.023123063124097253
8.254127063531765,0.012269965253724095
8.264132066033016,-0.01928245529321158
8.274137068534268,0.011862284180975293
8.284142071035518,-0.00744973848679036
8.294147073536768,0.031166577892198483
8.304152076038019,-0.011902553729752973
8.314157078539269,-0.045671847744365585
8.32416208104052,-0.03752122406386706
8.33416708354177,-0.0020907042294834536
8.344172086043022,0.017036743616975093
8.354177088544272,-0.0487033199011478
8.364182091045523,0.050139099007659386
8.374187093546773,0.029619407027574332
8.384192096048023,-0.03340728671102808
8.394197098549274,0.0035080285101141873
8.404202101050526,0.08536433004528281
8.414207103551776,-0.009066696885438725
8.424212106053027,0.06216082644830026
8.434217108554277,0.019643690479464494
8.444222111055527,-0.0378759803449991
8.454227113556778,0.04412243051895873
8.464232116058028,0.02401721839486469
8.47423711855928,-0.015369248456885356
8.48424212106053,0.03425677560781491
8.494247123561781,0.021687001045623728
8.504252126063031,-0.0005242892871543289
8.514257128564282,0.024074073500342165
8.524262131065532,-0.016843556674662412
8.534267133566782,-0.010182300220375026
8.544272136068034,0.021766750878506245
8.554277138569285,-0.0036204856508279468
8.564282141070535,-0.015438992734196138
8.574287143571786,-0.001595410253751074
8.584292146073036,0.05918771789002362
8.594297148574286,0.008342507776087226
8.604302151075537,-0.03336989887608823
8.614307153576789,0.01576531520184766
8.62431215607804,-0.021832515835032734
8.63431715857929,0.03810523265443438
8.64432216108054,0.03883385247825822
8.65432716358179,-0.01784451135419632
8.66433216608304,-0.019613625743215127
8.674337168584293,-0.014816830454029097
8.684342171085543,0.01910425721631387
8.694347173586793,0.01436524636998439
8.704352176088044,0.021790236554680553
8.714357178589294,-0.008514086840008376
8.724362181090545,-0.04415664187525534
8.734367183591795,0.0390496751906028
8.744372186093047,0.005200346783319238
8.754377188594297,-0.011064901290482532
8.764382191095548,0.011585167030845299
8.774387193596798,0.010859785218996753
8.784392196098048,0.043726153635425785
8.794397198599299,0.01988677464812337
8.80440220110055,0.012958405978651201
8.814407203601801,-0.026492017728841796
8.824412206103052,-0.03452241508856973
8.834417208604302,-0.048389145880151904
8.844422211105552,-0.029058469946863875
8.854427213606803,-0.00835233120268853
8.864432216108053,0.002235815248239149
8.874437218609305,0.048123642050809615
8.884442221110556,0.03798405391349182
8.894447223611806,0.0008648439404515745
8.904452226113056,0.030499320120827
8.914457228614307,0.02060987090487247
8.924462231115557,-0.023060327050024206
8.934467233616807,-0.00737337529515971
8.94447223611806,0.03749885719045727
8.95447723861931,0.000867231585106166
8.96448224112056,-0.012880553471639283
8.97448724362181,-0.013560034435207263
8.984492246123061,0.022988870537426653
8.994497248624311,-0.05033374248129214
9.004502251125562,-0.012430709567613118
9.014507253626814,0.006942657349035084
9.024512256128064,-0.009030213511050093
9.034517258629315,-0.020223149117277357
9.044522261130565,-0.023577640838862636
9.054527263631815,-0.035646327643355534
9.064532266133066,-0.01674445340115776
9.074537268634318,-0.03609382778798425
9.084542271135568,-0.007171433630059306
9.094547273636818,-0.021796340264927012
9.104552276138069,-0.07609306451244821
9.11455727863932,-0.03836414139537741
9.12456228114057,-0.007341811798622766
9.13456728364182,-0.028276841877406905
9.144572286143072,-0.030548471890622406
9.154577288644322,-0.00930863938414888
9.164582291145573,-0.008731093455094324
9.174587293646823,-0.03909077831224286
9.184592296148073,0.04400001224089042
9.194597298649324,-0.006482695424796947
9.204602301150574,0.0015629152561838667
9.214607303651826,0.017280753789544124
9.224612306153077,0.016850445801123395
9.234617308654327,0.00013682787191044113
9.244622311155577,-0.006802943860024266
9.254627313656828,0.035653271873090246
9.264632316158078,-0.05102118669796383
9.27463731865933,0.008704123688789893
9.28464232116058,0.02479177901872062
9.294647323661831,-0.0017802088120145553
9.304652326163081,-0.003045471033539834
9.314657328664332,0.025136157484974223
9.324662331165582,0.02186973574267815
9.334667333666832,-0.011796848638831072
9.344672336168085,-0.0008309579056628056
9.354677338669335,-0.02279388790587729
9.364682341170585,-0.04558428479592601
9.374687343671836,-0.004139496058049512
9.384692346173086,0.020613244213465002
9.394697348674336,0.007171645004754446
9.404702351175587,-0.07376334818671074
9.414707353676839,-0.012928663864368825
9.42471235617809,-0.03435899366429638
9.43471735867934,-0.011695643931339799
9.44472236118059,0.031911837082178256
9.45472736368184,-0.00983091789712241
9.46473236618309,-0.0012140571612269918
9.474737368684341,-0.06592590535560365
9.484742371185593,0.003831284151401123
9.494747373686844,-0.035342933198436705
9.504752376188094,0.007728891469103706
9.514757378689344,0.040919916180592424
9.524762381190595,-0.004577416190415778
9.534767383691845,-0.08381090774354187
9.544772386193097,0.018225556977702003
9.554777388694347,0.06267268454731845
9.564782391195598,0.040488308052651446
9.574787393696848,0.028046904253337876
9.584792396198099,-0.018771129477516687
9.594797398699349,-0.04230366559575841
9.6048024012006,0.03327779521571033
9.614807403701851,0.016937510559845066
9.624812406203102,0.013084225224660318
9.634817408704352,-0.04409732089368725
9.644822411205602,0.002492744825214192
9.654827413706853,0.024818511235242428
9.664832416208103,-0.041693166748172555
9.674837418709354,-0.027145097465736664
9.684842421210606,0.002934995662086694
9.694847423711856,-0.024755345284539706
9.704852426213106,0.07001574535613274
9.714857428714357,0.03738194463468855
9.724862431215607,0.00772248603678014
9.734867433716857,-0.011964469611292473
9.74487243621811,0.011593228196911182
9.75487743871936,-0.010130099502745037
9.76488244122061,-0.005155524734646215
9.77488744372186,0.06798937587207192
9.784892446223111,-0.006514673791510583
9.794897448724361,-0.004646635141459782
9.804902451225612,-0.035831748951420446
9.814907453726864,0.027340734696859846
9.824912456228114,-0.010554745587944283
9.834917458729365,0.0006689662874367366
9.844922461230615,-0.0393527740148038
9.854927463731865,0.01509795634942939
9.864932466233116,-0.0027183569199838243
9.874937468734366,0.03514516303584934
9.884942471235618,0.013318294023812847
9.894947473736869,-0.018304912137245243
9.904952476238119,-0.04003940931523307
9.91495747873937,0.021637332703291216
9.92496248124062,-0.021052267725761842
9.93496748374187,0.011409526817344385
9.944972486243122,0.013736057154121621
9.954977488744372,-0.012732349098545854
9.964982491245623,-0.021471766472078532
9.974987493746873,-0.019929266599767646
9.984992496248124,-0.007400454766914884
9.994997498749374,0.045271458012423944
10.005002501250624,-0.02675916531255325
10.015007503751876,-0.06379244731205291
10.025012506253127,0.001307142777409713
10.035017508754377,-0.017555566416705977
10.045022511255628,-0.006375670051166296
10.055027513756878,0.04658412862978735
10.065032516258128,-0.03166281477399906
10.075037518759379,0.023602849192215922
10.08504252126063,0.035878293118813805
10.095047523761881,-0.03718088603137487
10.105052526263131,-0.018660614451736758
10.115057528764382,0.010010612959663896
10.125062531265632,-0.023803755502922883
10.135067533766883,-0.050234415521372054
10.145072536268135,-0.021331117297500906
10.155077538769385,0.005635370591384381
10.165082541270635,0.014323448963696195
10.175087543771886,-0.0038903243870183663
10.185092546273136,0.008251304719343787
10.195097548774386,0.036700423642317036
10.205102551275637,0.014152853253218543
10.215107553776889,0.05378236531177644
10.22511255627814,-0.0377423997463886
10.23511755877939,0.001213389358563281
10.24512256128064,-0.029541543593622144
10.25512756378189,0.008247584738875137
10.26513256628314,-0.07755455369804672
10.275137568784391,-0.04256935504410133
10.285142571285643,-9.16116690861579e-05
10.295147573786894,-0.0011354351349183878
10.305152576288144,-0.004261753840001827
10.315157578789394,-0.016439257587120816
10.325162581290645,0.04011326460473495
10.335167583791895,0.013824407682427084
10.345172586293145,0.00197028857527442
10.355177588794398,0.010287714404056729
10.365182591295648,0.01530381167466318
10.375187593796898,-0.012510287635412766
10.385192596298149,0.05612657669063621
10.395197598799399,0.05945600962110911
10.40520260130065,0.015564683636952792
10.415207603801901,0.023749891937969003
10.425212606303152,-0.00394255437167543
10.435217608804402,-0.002301648547866867
10.445222611305653,0.0450544319134581
10.455227613806903,0.010216938915221196
10.465232616308153,-0.004693445282279654
10.475237618809404,0.045990206108392585
10.485242621310656,0.05584962896572201
10.495247623811906,-0.04316659623387474
10.505252626313156,-0.010283053488383827
10.515257628814407,0.01296958571660998
10.525262631315657,0.003906602098603657
10.535267633816908,0.0169032255146396
10.545272636318158,0.020834084973581312
10.55527763881941,0.007665494742769689
10.56528264132066,-0.012873668221476516
10.57528764382191,-0.026630205310820963
10.585292646323161,0.03612687037849069
10.595297648824411,0.029712835052734532
10.605302651325662,-0.07052723628848287
10.615307653826914,-0.03171257308092656
10.625312656328164,-0.020299064378910128
10.635317658829415,-0.008946460303519544
10.645322661330665,0.02739612312003676
10.655327663831915,-0.011581230089610086
10.665332666333166,-0.05425090870161849
10.675337668834416,-0.0012558726350893872
10.685342671335668,0.009547690657989492
10.695347673836919,-0.0020685496336114396
10.705352676338169,0.014174212412997138
10.71535767883942,0.028158969059538904
10.72536268134067,0.041684467946223436
10.73536768384192,-0.054448384036696044
10.74537268634317,0.019594815780267505
10.755377688844423,-0.07296541613957304
10.765382691345673,-0.08275205287905602
10.775387693846923,-0.016781992227689568
10.785392696348174,-0.008559078919293705
10.795397698849424,-0.023343913234783364
10.805402701350674,-0.03096754192684332
10.815407703851927,0.04688907507175681
10.825412706353177,0.013624953236474988
10.835417708854427,-0.008484854453199254
10.845422711355678,-0.035087411697261414
10.855427713856928,-0.006277356588209092
10.865432716358178,-0.006206813575903066
10.875437718859429,-0.0107237195959823
10.88544272136068,-0.024700797464677626
10.895447723861931,0.05192316046746805
10.905452726363182,-0.03772473837221373
10.915457728864432,0.0768685613424225
10.925462731365682,0.004352385922687087
10.935467733866933,-0.011706699849995542
10.945472736368183,0.023755377723023993
10.955477738869435,-0.021575387455732294
10.965482741370685,0.056280210039414975
10.975487743871936,-0.0007795001326151687
10.985492746373186,0.0010065928506598945
10.995497748874437,-0.028348595895367572
11.005502751375687,-0.019729140622033653
11.015507753876939,-0.0355026187619252
11.02551275637819,-0.042583153087791065
11.03551775887944,0.01463057556440968
11.04552276138069,-0.03389497318110871
11.05552776388194,-0.0021714198677030344
11.06553276638319,0.03924385151179077
11.075537768884441,-0.055841912264417606
11.085542771385693,-0.015040549509968703
11.095547773886944,-0.024219382560957153
11.105552776388194,0.01675152818139548
11.115557778889444,0.03677121238643646
11.125562781390695,0.006878783280198719
11.135567783891945,-0.005048159506366897
11.145572786393195,-0.006285799627824035
11.155577788894448,-0.02995934750502388
11.165582791395698,0.0012981605868409684
11.175587793896948,-0.020644871640505675
11.185592796398199,0.025526881604224026
11.195597798899449,0.02811859895168756
11.2056028014007,0.016331355302263612
11.21560780390195,-0.0015594023486805
11.225612806403202,-0.016029021350014695
11.235617808904452,0.04990740633844149
11.245622811405703,0.019252241800403077
11.255627813906953,-0.03635780121055065
11.265632816408203,0.005272548301384433
11.275637818909454,-0.02878262127534014
11.285642821410706,0.02270814368932647
11.295647823911956,-0.051374140881581896
11.305652826413207,0.07864258981478267
11.315657828914457,-0.009008006250480614
11.325662831415707,-0.007067000787461217
11.335667833916958,0.018431922686200815
11.345672836418208,0.010521624191340286
11.35567783891946,0.023427104739424002
11.36568284142071,0.04826635054704808
11.37568784392196,-0.004206824630059863
11.385692846423211,0.017803063733756015
11.395697848924462,-0.018436818503369173
11.405702851425712,0.017893214967703984
11.415707853926962,-0.05318731664393161
11.425712856428214,0.006409888014001974
11.435717858929465,-0.04563842224836551
11.445722861430715,0.031232044962670315
11.455727863931966,-0.004162812114970857
11.465732866433216,0.007984794055707041
11.475737868934466,0.031100538945673037
11.485742871435718,-0.0018660765417925268
11.495747873936969,-0.009302057802894913
11.505752876438219,-0.014413601646417197
11.51575787893947,-0.02378911448576964
11.52576288144072,0.02445398518705097
11.53576788394197,0.03524373545892486
11.54577288644322,0.04176898650032328
11.555777888944473,0.0027539363485579002
11.565782891445723,0.0011517741464204421
11.575787893946973,0.03329374422985521
11.585792896448224,0.016095648501723868
11.595797898949474,-0.007299437539686171
11.605802901450724,-0.02931643200936416
11.615807903951975,0.024787019073847564
11.625812906453227,0.022192674857851653
11.635817908954477,0.007360814281334668
11.645822911455728,0.021206535463286255
11.655827913956978,0.04356255816390051
11.665832916458228,-0.019239898161095923
11.675837918959479,0.011283433206260563
11.685842921460731,0.011465467416320959
11.695847923961981,-0.023481864584496654
11.705852926463232,-0.04424157065951577
11.715857928964482,0.013096618751902453
11.725862931465732,0.018909763430196517
11.735867933966983,0.06949729533705828
11.745872936468233,-0.024145444179622916
11.755877938969485,0.007883747925908966
11.765882941470736,-0.02724782024895166
11.775887943971986,0.010528533357414311
11.785892946473236,-0.0029208303391342156
11.795897948974487,0.018460275708087715
11.805902951475737,0.032916851825906215
11.815907953976987,-0.03627813334306077
11.82591295647824,-0.026036906163686403
11.83591795897949,-0.01717418979940677
11.84592296148074,0.038382706232918
11.85592796398199,-0.011082322838704016
11.865932966483241,-0.018309578020703342
11.875937968984491,-0.047490527662871374
11.885942971485743,-0.05795959039677506
11.895947973986994,-0.028804200517725167
11.905952976488244,0.05022783229495408
11.915957978989494,0.054778853025623186
11.925962981490745,-0.030985373753274703
11.935967983991995,-0.0004947994292455505
11.945972986493246,-0.00287129425988289
11.955977988994498,0.027844811323842165
11.965982991495748,0.029291374812660424
11.975987993996998,0.014282187557032571
11.985992996498249,0.017626095351378164
11.9959979989995,0.02200651299584709
12.00600300150075,-0.01623062162466623
12.016008004002,0.012459586767661998
12.026013006503252,0.01712794256552051
12.036018009004502,0.05395107367945502
12.046023011505753,-0.009288751503419023
12.056028014007003,-0.019346896274389593
12.066033016508253,-0.0024727121356992445
12.076038019009504,0.008274071874648938
12.086043021510754,-0.0036310193702167783
12.096048024012006,0.023572784959998625
12.106053026513257,0.0008487908496047421
12.116058029014507,-0.011160010529833996
12.126063031515757,0.01888962630794024
12.136068034017008,-0.03165771918201718
12.146073036518258,-0.02065169630024629
12.15607803901951,-0.057229440331255745
12.16608304152076,0.026721130828118098
12.176088044022011,-0.007698172133212245
12.186093046523261,0.04757262075058071
12.196098049024512,-0.01215214942765263
12.206103051525762,-0.004716943666765373
12.216108054027012,-0.025570398012072792
12.226113056528265,0.004022147265536658
12.236118059029515,-0.0018625596171885242
12.246123061530765,0.04211401710123181
12.256128064032016,0.012496505878264924
12.266133066533266,-0.00812990683694758
12.276138069034516,-0.018862334668733577
12.286143071535767,0.049065659487844034
12.296148074037019,0.0013223960865681099
12.30615307653827,0.014857550466510964
12.31615807903952,-0.023470461707727885
12.32616308154077,0.03655291855458457
12.33616808404202,0.0454953893924499
12.34617308654327,-0.0036146751625435515
12.356178089044523,0.010084402474171321
12.366183091545773,0.019311786354217333
12.376188094047023,0.017479042240409807
12.386193096548274,0.024261489228140257
12.396198099049524,0.007747047981673004
12.406203101550775,0.018139826143249417
12.416208104052025,-0.026925041905086978
12.426213106553277,0.055230018293679635
12.436218109054527,-0.024557810455459822
12.446223111555778,-0.01908348442391078
12.456228114057028,-0.027938841765351274
12.466233116558278,0.03338568374815314
12.476238119059529,-0.025795946763987117
12.48624312156078,-0.027384870453654134
12.496248124062031,0.01640638784247988
12.506253126563282,-0.01183565889721303
12.516258129064532,-0.06252376582907183
12.526263131565782,-0.03423398290654291
12.536268134067033,-0.016475489867245525
12.546273136568283,-0.08650817979799148
12.556278139069535,0.03898328037527163
12.566283141570786,0.019404847620251846
12.576288144072036,0.002865255931130378
12.586293146573286,0.021499381346171253
12.596298149074537,0.011980964976379793
12.606303151575787,-0.005538142129911291
12.616308154077037,0.005677422817390257
12.62631315657829,0.020637376507879168
12.63631815907954,0.0502394716167328
12.64632316158079,0.0165393312595126
12.65632816408204,0.01436911642117338
12.666333166583291,-0.007777536528834181
12.676338169084541,-0.03173977746387838
12.686343171585792,-0.013316917851548843
12.696348174087044,-0.040856586060656355
12.706353176588294,0.046688372387081706
12.716358179089545,-0.013379170375251565
12.726363181590795,-0.057470028594786386
12.736368184092045,-0.031091598942013854
12.746373186593296,-0.00547788355308316
12.756378189094548,-0.02022527891769401
12.766383191595798,-0.025520676136241465
12.776388194097049,-0.028362903768029288
12.786393196598299,-0.011425487935227853
12.79639819909955,0.006975105554571727
12.8064032016008,-0.0046623930748563875
12.81640820410205,-0.001159881871441982
12.826413206603302,0.01110712713586706
12.836418209104552,0.014844472240772066
12.846423211605803,-0.043872737094130525
12.856428214107053,0.03312311784956471
12.866433216608304,0.012040663357186223
12.876438219109554,0.033424051640694785
12.886443221610804,0.043126328998672754
12.896448224112056,0.03508167326965412
12.906453226613307,0.011203215708872408
12.916458229114557,0.019834363447103057
12.926463231615807,0.009549456377423942
12.936468234117058,-0.025257293988767023
12.946473236618308,0.025457708771732153
12.956478239119559,-0.032622350080774375
12.96648324162081,0.000933656179572519
12.976488244122061,-0.035547412059706185
12.986493246623311,-0.0034476863692296327
12.996498249124562,-0.011777519113677784
13.006503251625812,-0.023878773525790514
13.016508254127062,-0.026542613335932542
13.026513256628315,-0.02364596343692411
13.036518259129565,0.010778793371641227
13.046523261630815,0.005124821983743268
13.056528264132066,0.0005019770384976644
13.066533266633316,0.008682650687329775
13.076538269134566,-0.013902571293663037
13.086543271635817,0.021928106494359424
13.096548274137069,0.06221563318902973
13.10655327663832,0.011794561700358006
13.11655827913957,0.028787775116506858
13.12656328164082,-0.010808863722442745
13.13656828414207,0.007174780776032999
13.14657328664332,0.006051067140248033
13.156578289144571,-0.041902110803188605
13.166583291645823,-0.010432179813817586
13.176588294147074,-0.035803559134397346
13.186593296648324,-0.030170007469299886
13.196598299149574,0.007461974649776853
13.206603301650825,-0.030706194383402816
13.216608304152075,0.025477204867385236
13.226613306653327,-0.022127995921100995
13.236618309154577,-0.005449762627095691
13.246623311655828,-0.02438883820815306
13.256628314157078,-0.0017683700747816778
13.266633316658329,0.0007893662928100307
13.276638319159579,-0.013967674359837683
13.28664332166083,-0.01053683902970299
13.296648324162081,-9.25594801425514e-05
13.306653326663332,0.008328773283382381
13.316658329164582,-0.0023573290497972805
13.326663331665833,0.03728571556763331
13.336668334167083,0.001766946654996078
13.346673336668333,-0.01125719834162165
13.356678339169584,0.00903537471275025
13.366683341670836,-0.010659721966404655
13.376688344172086,-0.0241952124884192
13.386693346673336,-0.007395133974809948
13.396698349174587,-0.01317007519761625
13.406703351675837,-0.00041256180390289497
13.416708354177088,-0.01138434476991562
13.42671335667834,0.05030322357883666
13.43671835917959,0.00432864425372575
13.44672336168084,0.004883425937671807
13.45672836418209,-0.00012919173152142616
13.466733366683341,-0.023000664154007377
13.476738369184591,0.08176732211212098
13.486743371685842,0.005391107798798071
13.496748374187094,-0.021949533723846254
13.506753376688344,-0.032187089435506605
13.516758379189595,0.0006264696710873814
13.526763381690845,-4.9362487377161266e-05
13.536768384192095,-0.04485131318812761
13.546773386693346,-0.04688716671583013
13.556778389194596,0.035423871836102634
13.566783391695848,-0.030477036603073878
13.576788394197099,0.07588368743033712
13.586793396698349,-0.04621293993177279
13.5967983991996,0.03137395466970262
13.60680340170085,-0.017287021298245456
13.6168084042021,0.04739743237926484
13.626813406703352,-0.028313834615418292
13.636818409204603,0.014927449664489
13.646823411705853,0.07005612195074307
13.656828414207103,0.007785216944526696
13.666833416708354,0.006105555014850078
13.676838419209604,0.030437850265277937
13.686843421710854,0.0021596338639622236
13.696848424212106,-0.005286767627827403
13.706853426713357,-0.0031873968898374597
13.716858429214607,-0.03743048611226354
13.726863431715858,0.0035457350210797572
13.736868434217108,0.02183245250024484
13.746873436718358,0.025572781118415308
13.756878439219609,-0.042075958721675105
13.76688344172086,0.008635166716733454
13.776888444222111,0.021326730208065237
13.786893446723361,0.03952936191277334
13.796898449224612,0.0463829692669537
13.806903451725862,0.008474241218172418
13.816908454227113,-0.004914244792108124
13.826913456728363,-0.007227037307622492
13.836918459229615,-0.011886070806012254
13.846923461730865,-0.0042396452950114565
13.856928464232116,-0.009219161409163602
13.866933466733366,0.01754203809805611
13.876938469234616,0.016008626113873003
13.886943471735867,-0.01507889746620278
13.896948474237119,0.03740104466336367
13.90695347673837,9.837652048004651e-05
13.91695847923962,-0.005457588249586735
13.92696348174087,0.003634458361417766
13.93696848424212,0.02069800046415211
13.94697348674337,-0.043110322198159044
13.956978489244621,0.05584662915978889
13.966983491745873,-0.013281784162391612
13.976988494247124,0.03873864217414244
13.986993496748374,-0.053365118003558025
13.996998499249624,0.022641372490203874
14.007003501750875,-0.03163132771149784
14.017008504252125,0.0030092426392870028
14.027013506753375,-0.03902150329363077
14.037018509254628,-0.00031275040035303483
14.047023511755878,-0.02866891573143607
14.057028514257128,-0.020300869709567397
14.067033516758379,0.019168398157135624
14.077038519259629,-0.03941769342145174
14.08704352176088,0.008478908873873666
14.097048524262132,0.01460755676978584
14.107053526763382,-0.00156657499256443
14.117058529264632,0.019545429053375026
14.127063531765883,0.025276430713939754
14.137068534267133,0.006210886985864886
14.147073536768383,-0.04689744500169977
14.157078539269634,-0.003015096855146294
14.167083541770886,0.020736523991558477
14.177088544272136,-0.007816059910028683
14.187093546773387,0.008682621318416356
14.197098549274637,0.0019125817707048522
14.207103551775887,-0.014069348633690318
14.217108554277138,-0.007311996232828111
14.227113556778388,-0.0025258746940829365
14.23711855927964,-0.0007311461595445229
14.24712356178089,0.013880702234315834
14.25712856428214,0.021420124619841496
14.267133566783391,0.05280117836047665
14.277138569284642,0.01067228156566373
14.287143571785892,-0.055344081919787694
14.297148574287144,0.016084440988657238
14.307153576788394,0.02076714192307153
14.317158579289645,-0.03671825763866592
14.327163581790895,-0.03521242024564596
14.337168584292145,0.045771894212645645
14.347173586793396,-0.01572468335451663
14.357178589294646,0.04013619394440677
14.367183591795898,0.043989834397212886
14.377188594297149,0.04086492766202932
14.387193596798399,0.03171843763735191
14.39719859929965,-0.019080846633430827
14.4072036018009,0.04885719023407683
14.41720860430215,0.042879905474035966
14.4272136068034,0.009114677974869105
14.437218609304653,0.05052451449031058
14.447223611805903,-0.014031387789060226
14.457228614307153,0.012292529406251196
14.467233616808404,0.0009527412122154353
14.477238619309654,0.038065027929582815
14.487243621810904,-0.0022312306177232435
14.497248624312157,0.02807673116114559
14.507253626813407,-0.04218985099353676
14.517258629314657,-0.027801422952107226
14.527263631815908,-0.03990085154169945
14.537268634317158,-0.03186276836086722
14.547273636818408,-0.05618307918426752
14.557278639319659,0.04220805880633179
14.56728364182091,0.030137574676150372
14.577288644322161,-0.012474913708292432
14.587293646823412,0.004076437084386335
14.597298649324662,-0.01802635890053461
14.607303651825912,0.0399939309454396
14.617308654327163,-0.04408178664222843
14.627313656828413,0.024658670304006553
14.637318659329665,0.01396835700277762
14.647323661830915,0.029769516307112453
14.657328664332166,-0.04082187032380979
14.667333666833416,-0.046149362115925345
14.677338669334667,0.011708525040769848
14.687343671835917,-0.035670418883738876
14.697348674337167,0.01176977109618724
14.70735367683842,-0.007661661716449504
14.71735867933967,0.031798920188981186
14.72736368184092,0.005480671521468365
14.73736868434217,-0.009494839133924887
14.74737368684342,-0.005485951620373927
14.757378689344671,-0.014858712745251952
14.767383691845923,-0.012369058369944546
14.777388694347174,0.030638031155980724
14.787393696848424,0.010188280571172416
14.797398699349674,-0.016842747991630123
14.807403701850925,0.013075506090011109
14.817408704352175,0.040884387488936025
14.827413706853426,-0.01687942764157627
14.837418709354678,-0.009598753609589387
14.847423711855928,-0.04773347243793421
14.857428714357178,0.018992740480634075
14.867433716858429,0.014704664945210217
14.877438719359679,-0.041650407017913386
14.88744372186093,-0.023332111107143873
14.89744872436218,-0.002356081956672422
14.907453726863432,-0.04901894295752237
14.917458729364682,0.04331536137481431
14.927463731865933,-0.005793551555659462
14.937468734367183,-0.016813232422776398
14.947473736868433,0.022975861471307132
14.957478739369684,-0.014371141987071396
14.967483741870936,0.011747737478505422
14.977488744372186,-0.016754812137598628
14.987493746873437,-0.02650802384291817
14.997498749374687,0.020818795213467252
15.007503751875937,-0.0023285913403062685
15.017508754377188,0.026832272096905956
15.027513756878438,-0.015414211612116405
15.03751875937969,-0.016970326511175863
15.04752376188094,0.049831935885855064
15.057528764382191,0.025302521633546807
15.067533766883441,-0.06699495280501509
15.077538769384692,0.01136020398948418
15.087543771885942,0.04788413973768311
15.097548774387192,0.019673493087405874
15.107553776888444,-0.024173875038567168
15.117558779389695,0.04100169252844725
15.127563781890945,0.02756025520110831
15.137568784392196,-0.020106642256287794
15.147573786893446,-0.029809011271484807
15.157578789394696,-0.04816756004029513
15.167583791895948,0.084268357151454
15.177588794397199,0.017807731976573708
15.18759379689845,0.0160315270061814
15.1975987993997,0.024337356345476555
15.20760380190095,0.017558002029501713
15.2176088044022,0.04148766129776052
15.22761380690345,-0.003176539274867328
15.237618809404703,-0.021061971852709263
15.247623811905953,0.0564212829097202
15.257628814407203,-0.003328337228121728
15.267633816908454,-0.004800180476122238
15.277638819409704,0.002895325973530446
15.287643821910955,-0.0481554031614404
15.297648824412205,0.036804706057075164
15.307653826913457,0.03581835151451317
15.317658829414707,0.022362358632379106
15.327663831915958,-0.041999601122175656
15.337668834417208,0.018655200404923022
15.347673836918458,0.0073298650366664985
15.357678839419709,0.03998282298427978
15.367683841920961,-0.0063011787867674396
15.377688844422211,0.029023261036683637
15.387693846923462,-0.00962124981852386
15.397698849424712,-0.0007101019433315714
15.407703851925962,0.016204470923011575
15.417708854427213,0.019980879887526136
15.427713856928463,0.015929656844237586
15.437718859429715,-0.04084387068622741
15.447723861930966,-0.04261155328467667
15.457728864432216,0.0211434117415357
15.467733866933466,0.007932222513633113
15.477738869434717,-0.03271402943622493
15.487743871935967,0.011226486287652146
15.497748874437217,-0.045065070774008724
15.50775387693847,-0.020394208696504292
15.51775887943972,-0.011917682655930826
15.52776388194097,0.04831991096137146
15.53776888444222,-0.009587923816587667
15.547773886943471,0.00942420340383711
15.557778889444721,-0.03403380665301108
15.567783891945972,-0.010042908442463165
15.577788894447224,-0.012508196132005042
15.587793896948474,0.05101997002879646
15.597798899449725,0.05488150717485776
15.607803901950975,-0.008611822105538926
15.617808904452225,0.01217134945289686
15.627813906953476,-0.009714528596971923
15.637818909454728,-0.004631948466244991
15.647823911955978,-0.0019217434322763972
15.657828914457228,-0.06640028284289809
15.667833916958479,-0.02106225820824216
15.67783891945973,-0.0005089910164060706
15.68784392196098,-0.014700360670805521
15.69784892446223,0.03855682414218971
15.707853926963482,0.004246239654171059
15.717858929464732,0.011319467467224505
15.727863931965983,-0.07093854731850824
15.737868934467233,-0.02823234667321226
15.747873936968483,0.05121369877347188
15.757878939469734,0.05749890605744934
15.767883941970984,-0.0021530623190748432
15.777888944472236,-0.016816953157800196
15.787893946973487,-0.013677496298480087
15.797898949474737,0.02375475626000523
15.807903951975987,-0.008908114733651933
15.817908954477238,-0.03300610993515558
15.827913956978488,-0.06467796996038708
15.83791895947974,-0.02458418520200311
15.84792396198099,-0.04373102040233819
15.857928964482241,-0.014493362482827786
15.867933966983491,-0.022285243343705827
15.877938969484742,-0.024813861803346424
15.887943971985992,-0.009504425867594358
15.897948974487242,-0.015730894918877164
15.907953976988495,-0.02672674414805987
15.917958979489745,-0.003150659674755462
15.927963981990995,0.010713657678102367
15.937968984492246,-0.030296865798485048
15.947973986993496,0.010526891722560725
15.957978989494746,0.02142448511911061
15.967983991995997,-0.003944250066102433
15.977988994497249,-0.020918047414282433
15.9879939969985,-0.006146281254102755
15.99799899949975,-0.02313121822778407
16.008004002001,-0.04001047866371775
16.01800900450225,-0.0249892423706737
16.028014007003502,-0.04048707649234582
16.03801900950475,-0.033182477840524804
16.048024012006003,0.008787125684947404
16.05802901450725,0.005851154375450319
16.068034017008504,0.05266274324617734
16.078039019509756,0.06115097118263252
16.088044022011005,-0.0069223617970273375
16.098049024512257,0.021225048172663415
16.108054027013505,-0.021338912090695522
16.118059029514757,-0.005113951939713302
16.128064032016006,-0.025447271494435496
16.138069034517258,0.002749244354167311
16.14807403701851,-0.0304910271772442
16.15807903951976,0.00647866962311516
16.16808404202101,-0.01860690340445635
16.17808904452226,0.004939817282330363
16.18809404702351,-0.016522601090008693
16.19809904952476,0.02638549913212212
16.208104052026012,-0.007774758988188462
16.218109054527265,-0.009990959506959522
16.228114057028513,-0.012150747324028092
16.238119059529765,0.0017551517657194329
16.248124062031014,0.013090257167487448
16.258129064532266,-0.00019965439085103186
16.268134067033515,-0.020121739496372484
16.278139069534767,0.021166863577824477
16.28814407203602,0.016742137910423668
16.298149074537267,-0.005301433645464027
16.30815407703852,0.014616236622986037
16.318159079539768,-0.032870098387186776
16.32816408204102,-0.003329146273834879
16.33816908454227,-0.011860579572221513
16.34817408704352,0.020433267973220107
16.358179089544773,0.04780150974292026
16.36818409204602,0.02327718750812508
16.378189094547274,-0.018642973488840548
16.388194097048522,0.02400542198497455
16.398199099549775,0.029658256544522338
16.408204102051027,-0.02910753566692489
16.418209104552275,-0.037523423676790506
16.428214107053527,-0.00972157873586975
16.438219109554776,-0.01593110850033884
16.448224112056028,0.012157565089718946
16.458229114557277,-0.04682475771560836
16.46823411705853,-0.012387550464272921
16.47823911955978,0.012162639861336753
16.48824412206103,-0.01993015024778523
16.49824912456228,-0.025502678131267484
16.50825412706353,-0.035798352218381235
16.518259129564782,-0.029525859511774465
16.52826413206603,-0.03871776373365759
16.538269134567283,-0.002180490393119579
16.548274137068535,0.041475963888627614
16.558279139569784,0.017934450972496494
16.568284142071036,-0.021956881827306794
16.578289144572285,-0.011496642664984277
16.588294147073537,-0.022403599556331057
16.598299149574785,0.06496558484080532
16.608304152076037,-0.004575702047706166
16.61830915457729,0.023561323315293065
16.628314157078538,-0.025576031245566403
16.63831915957979,0.041002266126869
16.64832416208104,-0.014779381158968957
16.65832916458229,0.05791168244237994
16.66833416708354,-0.0028707192180529788
16.678339169584792,-0.007467125469919629
16.688344172086044,0.0004884373263069765
16.698349174587293,0.07359657456426971
16.708354177088545,0.006521246425958222
16.718359179589793,-0.03141430607157573
16.728364182091045,-0.01163955447622106
16.738369184592294,0.03056885587960759
16.748374187093546,0.016129533803831288
16.758379189594798,0.06651757523150277
16.768384192096047,0.026342786600539153
16.7783891945973,0.016270902156262014
16.788394197098548,0.014568097959959394
16.7983991995998,0.009716417230198754
16.808404202101052,0.0038020715329858132
16.8184092046023,0.02472005321385129
16.828414207103553,0.012149628906140958
16.8384192096048,-0.04377941752320546
16.848424212106053,0.026586714050462923
16.858429214607302,-0.015164897420773241
16.868434217108554,0.011983565296652699
16.878439219609806,-0.017716868851768493
16.888444222111055,0.012603714171427726
16.898449224612307,0.03485990399464634
16.908454227113555,0.011706450419438139
16.918459229614808,-0.014300508754838341
16.928464232116056,0.016109166817171255
16.93846923461731,0.027090354717245666
16.94847423711856,0.007788785450938347
16.95847923961981,0.048245520501725994
16.96848424212106,0.005488905453385359
16.97848924462231,0.0029226905784646494
16.988494247123562,0.0036476116300395655
16.99849924962481,0.06896499746844982
17.008504252126063,-0.007302700947495576
17.018509254627315,-0.010931690774377589
17.028514257128563,0.037790159348896755
17.038519259629815,-0.005406565300447929
17.048524262131064,0.05252315914285174
17.058529264632316,-0.024767570540164926
17.068534267133565,-0.004756979461974944
17.078539269634817,-0.022192754080783878
17.08854427213607,-0.005581436664679684
17.098549274637318,0.05717932876665584
17.10855427713857,-5.381618908796982e-05
17.11855927963982,0.06537170609784512
17.12856428214107,-0.025959675838780418
17.13856928464232,-0.011273092650933682
17.14857428714357,0.005471034264235099
17.158579289644823,0.014443659901945478
17.168584292146072,0.009701632936592913
17.178589294647324,0.0620410794545189
17.188594297148573,-0.02493799285103357
17.198599299649825,0.04188267892705812
17.208604302151073,-0.022667622271833058
17.218609304652325,-0.033145431479768686
17.228614307153578,0.0648578830399077
17.238619309654826,-0.003503242077430574
17.24862431215608,-0.006083530373282045
17.258629314657327,-0.01744050971316633
17.26863431715858,-0.024746582141816
17.27863931965983,-0.03865819530847857
17.28864432216108,-0.03484670611356327
17.298649324662332,-0.013906834829538962
17.30865432716358,-0.001886306934294203
17.318659329664833,0.012535506808562467
17.32866433216608,-0.015908888554516276
17.338669334667333,-0.012344087725564584
17.348674337168585,0.05079187064622535
17.358679339669834,0.040668064539758964
17.368684342171086,-0.0281687228439033
17.378689344672335,0.036423176798665
17.388694347173587,0.015393951681121482
17.398699349674835,0.03575521729242274
17.408704352176088,-0.02762679599106848
17.41870935467734,-0.0191668193959424
17.42871435717859,-0.01875650750237812
17.43871935967984,0.011221963795901901
17.44872436218109,-0.03422854177099605
17.45872936468234,-0.0013623370702097188
17.46873436718359,0.007874071488771875
17.478739369684842,0.006853377569290689
17.488744372186094,-0.025534671248678708
17.498749374687343,0.0076297397793439305
17.508754377188595,-0.02935929628093471
17.518759379689843,-0.028078297794049672
17.528764382191095,0.019575962055451764
17.538769384692344,-0.023150857861520966
17.548774387193596,0.010462896867166163
17.55877938969485,-0.04358551103094527
17.568784392196097,0.02259202413082447
17.57878939469735,-0.007758373893474212
17.588794397198598,-0.058075540160714714
17.59879939969985,-0.042252910263683316
17.6088044022011,-0.004636367356386232
17.61880940470235,-0.00845260582658866
17.628814407203603,-0.026085264644709838
17.63881940970485,0.05106112109942566
17.648824412206103,0.01992464434483288
17.658829414707352,0.057710976642506386
17.668834417208604,-0.012146511808860713
17.678839419709856,-0.0007856303823585688
17.688844422211105,0.007196213094048958
17.698849424712357,-0.021239940826345827
17.708854427213605,0.022897370372835575
17.718859429714858,-0.02443318056652785
17.728864432216106,0.026353863241559666
17.73886943471736,0.09604077576985527
17.74887443721861,-0.014675494752198587
17.75887943971986,0.010221930824095716
17.76888444222111,-0.002880011711417644
17.77888944472236,-0.04477146423242363
17.788894447223612,-0.026606409487390695
17.79889944972486,-0.046470679221887926
17.808904452226113,0.010384264596642328
17.818909454727365,0.023493902775415167
17.828914457228613,-0.016488775716243936
17.838919459729865,-0.019877047534486134
17.848924462231114,-0.03316770436820652
17.858929464732366,-0.014929000048817054
17.868934467233615,-0.010240539402088102
17.878939469734867,0.024849066244986253
17.88894447223612,0.022164882392925172
17.898949474737368,-0.02041573036879694
17.90895447723862,0.005642915905858628
17.91895947973987,-0.03851287518482007
17.92896448224112,-0.036569785742646764
17.93896948474237,0.0373358238031618
17.94897448724362,0.03853156097985152
17.958979489744873,-0.02437698616495745
17.968984492246122,-0.01890201126194089
17.978989494747374,0.01708086138892559
17.988994497248623,-0.04826917884106486
17.998999499749875,0.03564920558597684
18.009004502251123,-0.006531347776709481
18.019009504752376,0.010379155321223691
18.029014507253628,-0.006181550656258178
18.039019509754876,0.01654122845650646
18.04902451225613,-0.04966236891118823
18.059029514757377,-0.042062281418619896
18.06903451725863,-0.03927116905821952
18.079039519759878,-0.0015314202119668082
18.08904452226113,0.024734856229554347
18.099049524762382,0.026348559161896917
18.10905452726363,0.024471965843073606
18.119059529764883,-0.04038201332391475
18.12906453226613,0.0060507535425840305
18.139069534767383,0.0022498162829654575
18.149074537268636,0.0003435271742647372
18.159079539769884,0.007284082017532883
18.169084542271136,-0.025123038034514763
18.179089544772385,-0.04643302847859726
18.189094547273637,-0.000977795398546652
18.199099549774886,-0.010851770879733992
18.209104552276138,0.011033205016119554
18.21910955477739,-0.0074877281927296525
18.22911455727864,0.0072276162003546765
18.23911955977989,-0.015549507688538501
18.24912456228114,-0.02698862122291464
18.25912956478239,0.02599440301480062
18.26913456728364,0.034903370781881
18.279139569784892,-0.007424737451218405
18.289144572286144,-0.010569816435565213
18.299149574787393,0.031058441206957256
18.309154577288645,0.011802247637538697
18.319159579789893,-0.029229567035237772
18.329164582291146,-0.025102977872591716
18.339169584792394,-0.007217358413654149
18.349174587293646,-0.03102025186648972
18.3591795897949,0.01170707753629509
18.369184592296147,-0.031335086049238355
18.3791895947974,0.0027915636285393212
18.389194597298648,0.0018729786557515416
18.3991995997999,-0.026924085809180362
18.40920460230115,0.004165377350619556
18.4192096048024,0.03720020144476775
18.429214607303653,-0.032078192353553914
18.4392196098049,-0.04710514328449343
18.449224612306153,-0.007984623614401446
18.459229614807402,-0.035850729926440755
18.469234617308654,0.031070566134918973
18.479239619809903,0.008217416583629187
18.489244622311155,-0.0427878236905031
18.499249624812407,0.019953653333768962
18.509254627313656,-0.036696243071651743
18.519259629814908,0.0037151820051881377
18.529264632316156,0.02405994616022799
18.53926963481741,-0.03977370696056851
18.54927463731866,-0.01276677168858803
18.55927963981991,-0.001265670336042816
18.56928464232116,-0.03305734170362769
18.57928964482241,-0.013348444935317446
18.589294647323662,-0.009531550212674463
18.59929964982491,0.029537157472337105
18.609304652326163,-0.023645755907894604
18.619309654827415,-0.014875092553764072
18.629314657328663,-0.009511717366095403
18.639319659829916,-0.04706067373358895
18.649324662331164,0.00833443732706221
18.659329664832416,0.034465184534611226
18.669334667333665,0.01449648051084296
18.679339669834917,-0.035374070274077136
18.68934467233617,0.015750986550053313
18.699349674837418,0.009255200660856442
18.70935467733867,-0.028892126534549378
18.71935967983992,-0.028871514558772432
18.72936468234117,-0.0323785396772777
18.73936968484242,0.02751685947647029
18.74937468734367,-0.0707909154062191
18.759379689844923,0.025009363079659213
18.769384692346172,0.058603466661287025
18.779389694847424,0.017057057718114475
18.789394697348673,-0.024429418566809163
18.799399699849925,-0.005273685530886092
18.809404702351173,0.0025400111798633894
18.819409704852426,0.029043368491057407
18.829414707353678,-0.038022963720270635
18.839419709854926,0.027780000050747995
18.84942471235618,0.012990200891717357
18.859429714857427,-0.008419828922120004
18.86943471735868,-0.01425860816098024
18.879439719859928,0.006986970294012384
18.88944472236118,0.011503314520630307
18.899449724862432,-0.004507490023474008
18.90945472736368,0.015687590337711287
18.919459729864933,-0.0038233731378456053
18.92946473236618,-0.022909340336496727
18.939469734867433,-0.022956644954374245
18.949474737368682,0.025694090630412156
18.959479739869934,0.0005372845431160179
18.969484742371186,0.028165123554268236
18.979489744872435,-0.037741479642896425
18.989494747373687,-0.07744290437308617
18.999499749874936,-0.036037760596224745
19.009504752376188,0.04042121700948914
19.01950975487744,-0.015225440798335352
19.02951475737869,0.025116760887005832
19.03951975987994,-0.0078300155843967
19.04952476238119,0.010387185397518449
19.05952976488244,-0.00842759804118966
19.06953476738369,0.04949983644430519
19.079539769884942,-7.657672831112805e-05
19.089544772386194,0.04364015019345249
19.099549774887443,-0.022043346393729964
19.109554777388695,0.07233836458555208
19.119559779889943,0.01889645968438232
19.129564782391196,0.03296508571184661
19.139569784892444,0.013801124731575664
19.149574787393696,0.00019872559676527272
19.15957978989495,-0.011424892105183621
19.169584792396197,0.005837317599775361
19.17958979489745,0.016989381806305815
19.189594797398698,0.052993008697100705
19.19959979989995,-0.024874371765275856
19.2096048024012,-0.028086676085556848
19.21960980490245,0.018726092746484718
19.229614807403703,0.017747399949826326
19.23961980990495,-0.024737275998830414
19.249624812406203,0.013130251373164693
19.259629814907452,-0.02571247043147952
19.269634817408704,-0.017126771210377218
19.279639819909953,0.023079052427294484
19.289644822411205,-0.00868086416799488
19.299649824912457,-0.025125565048044956
19.309654827413706,0.00038000788808767027
19.319659829914958,-0.009536887594567988
19.329664832416206,0.012312593823576154
19.33966983491746,-0.014368330288677452
19.349674837418707,-0.02688806952108863
19.35967983991996,-0.007106114054219554
19.36968484242121,-0.047780523388233104
19.37968984492246,-0.037487809210041606
19.389694847423712,0.02422735601150795
19.39969984992496,0.021771353175943017
19.409704852426213,0.02255576419926104
19.419709854927465,-0.023936956020528748
19.429714857428714,0.024209322709229316
19.439719859929966,0.017963435171962385
19.449724862431214,0.012113483330459522
19.459729864932466,-0.03503691314399336
19.469734867433715,0.01824448680063801
19.479739869934967,-0.033157657262503186
19.48974487243622,0.005306423045797121
19.499749874937468,-0.024460799617572547
19.50975487743872,0.06607647442446091
19.51975987993997,-0.017447298887073283
19.52976488244122,-0.05850500824848893
19.53976988494247,-0.0023150535446106947
19.54977488744372,0.019431882990025236
19.559779889944974,0.005879971001117495
19.569784892446222,0.014203731273921614
19.579789894947474,0.04543495532582222
19.589794897448723,-0.007073418335845909
19.599799899949975,-0.001157206524343126
19.609804902451224,0.0006012451404256639
19.619809904952476,-0.013903627929659813
19.629814907453728,0.012394740472209986
19.639819909954976,-0.0031578383472519234
19.64982491245623,0.019691395097345202
19.659829914957477,0.021161020050432536
19.66983491745873,0.04647512905270997
19.679839919959978,-0.03350165992251173
19.68984492246123,-0.023174260659495682
19.699849924962482,-0.033344678884000216
19.70985492746373,-0.017817178255673416
19.719859929964983,-0.009462522556560266
19.72986493246623,0.0029629733204543252
19.739869934967484,0.022483993957347848
19.749874937468732,-0.03751431641419871
19.759879939969984,0.042636575972181
19.769884942471236,0.05494795056065028
19.779889944972485,0.011175122845803874
19.789894947473737,0.02856853466354064
19.799899949974986,0.020340574610525835
19.809904952476238,-0.003231155126814305
19.819909954977486,0.01677527920305433
19.82991495747874,0.0634787859270955
19.83991995997999,-0.03361962941155668
19.84992496248124,0.01534137671653945
19.85992996498249,0.010524896818248416
19.86993496748374,0.045913290120320624
19.879939969984992,0.013899990316446217
19.889944972486244,0.011663440439473647
19.899949974987493,0.0008542074892093508
19.909954977488745,-0.08047715306990175
19.919959979989994,-0.01658102509021264
19.929964982491246,-0.03097719346656736
19.939969984992494,0.023243452710365656
19.949974987493746,0.01661589777951725
19.959979989995,0.019361053680961575
19.969984992496247,-0.03955236119868436
19.9799899949975,-0.008721425782790148
19.989994997498748,0.010253558142265614
20.0,0.049341585295767786
